logdir,hostpair,server,client,bw_limit,repetition,goodput,server_cpu,server_cpu_avg,client_cpu,client_cpu_avg,client_perf,server_perf,client_ethtool_rx_total_discard_pkts,client_ethtool_tx_total_discard_pkts,client_ethtool_rx_bytes,client_ethtool_tx_bytes,client_ethtool_rx_total_frames,client_ethtool_tx_total_frames,server_ethtool_rx_total_discard_pkts,server_ethtool_tx_total_discard_pkts,server_ethtool_rx_bytes,server_ethtool_tx_bytes,server_ethtool_rx_total_frames,server_ethtool_tx_total_frames,client_netstat_packets_received,client_netstat_packets_to_unknown_port_received,client_netstat_packet_receive_errors,client_netstat_packets_sent,client_netstat_receive_buffer_errors,client_netstat_send_buffer_errors,server_netstat_packets_received,server_netstat_packets_to_unknown_port_received,server_netstat_packet_receive_errors,server_netstat_packets_sent,server_netstat_receive_buffer_errors,server_netstat_send_buffer_errors,client_runtime
/srv/quic-10g/results/perf/goracle/optimized/run1,goracle-gard,lsquic,lsquic,none,1,3221.716783809531,"[100.0, 100.0, 100.0, 101.0, 99.0, 100.0, 100.0, 100.0, 100.0, 101.0, 100.0, 100.0, 99.0, 100.0, 101.0, 100.0, 99.0, 100.0, 100.0]",100.0,"[95.0, 94.0, 94.0, 96.0, 94.0, 95.0, 95.0, 95.0, 94.0, 96.0, 95.0, 95.0, 95.0, 95.0, 94.0, 95.0]",94.8125,"{'SUM_SAMPLES': 93046445940, 'SUM_SAMPLES_QUIC': 67839324895, 'OVERVIEW': {'GENERAL': 9978523474, 'CRYPTO': 11167250644, 'IO': 2589244788, 'PACKET_IO': 40317226118, 'CONN_MGMT': 3787079871}, 'DETAILED': {'GENERAL (UNMATCHED)': 8645587394, 'CRYPTO (AEAD)': 4884515215, 'IO (write)': 28959668, 'IO (file)': 617031172, 'IO': 1861512870, 'PACKET_IO (recvmsg)': 30269552110, 'PACKET_IO (sendmsg)': 267525251, 'CRYPTO (X25519)': 2311897, 'IO (epoll)': 81741078, 'PACKET_IO (read from stream)': 8887327972, 'PACKET_IO (read one packet)': 836136913, 'CRYPTO (AES)': 4324165935, 'CRYPTO (HP apply)': 10619483, 'CRYPTO (decrypt packet)': 962307065, 'GENERAL (process incoming packet)': 921630175, 'CONN_MGMT (process packet)': 680915603, 'CRYPTO (HP strip)': 969587177, 'CONN_MGMT (find conn)': 553875336, 'GENERAL (read_handler)': 411305905, 'CONN_MGMT (parse packet)': 2466260883, 'CONN_MGMT (build ack)': 38718196, 'CONN_MGMT': 30551384, 'CONN_MGMT (process incoming ack)': 8579493, 'PACKET_IO (send_packets_out)': 48286424, 'CRYPTO (encrypt packet)': 13743872, 'PACKET_IO (IP find next hop)': 8397448, 'CONN_MGMT (sport_packets_out)': 8178976}}","{'SUM_SAMPLES': 73680100118, 'SUM_SAMPLES_QUIC': 72095373348, 'OVERVIEW': {'GENERAL': 5357949162, 'CRYPTO': 10163621102, 'PACKET_IO': 48723860855, 'IO': 940747939, 'CONN_MGMT': 6909194290}, 'DETAILED': {'GENERAL (UNMATCHED)': 5116746800, 'CRYPTO (AEAD)': 3597531097, 'PACKET_IO (recvmsg)': 91180175, 'CRYPTO (RSA)': 6547496, 'IO (epoll)': 9539532, 'IO': 1806796, 'CONN_MGMT': 5291505653, 'PACKET_IO (sendmsg)': 41377136692, 'CRYPTO (AES)': 5367604008, 'CRYPTO (HP apply)': 481296963, 'CRYPTO (encrypt packet)': 703563088, 'CONN_MGMT (process packet)': 8969300, 'GENERAL (read_handler)': 228784174, 'GENERAL (process incoming packet)': 12418188, 'CRYPTO (decrypt packet)': 1849061, 'CRYPTO (HP strip)': 3564578, 'CONN_MGMT (parse packet)': 11423092, 'CRYPTO (X25519)': 1664811, 'CONN_MGMT (build ack)': 6808673, 'CONN_MGMT (process incoming ack)': 1094709558, 'PACKET_IO (read from stream)': 704611, 'PACKET_IO (write to stream)': 5701981458, 'IO (read)': 929401611, 'PACKET_IO (send_packets_out)': 1012041176, 'PACKET_IO (IP find next hop)': 537311510, 'CONN_MGMT (sport_packets_out)': 495778014, 'PACKET_IO (read one packet)': 3505233}}",0,0,9086382140,2354209,5987526,27998,0,0,2354481,9086382412,27999,5987527,5986944,0,580,27986,580,0,27985,0,0,5987523,0,0,21.330079553
/srv/quic-10g/results/perf/goracle/optimized/run1,goracle-gard,lsquic,lsquic,none,2,3319.4836934676923,"[99.0, 100.0, 100.0, 101.0, 99.0, 101.0, 99.0, 101.0, 100.0, 100.0, 99.0, 100.0, 100.0, 101.0, 99.0, 100.0, 101.0, 100.0]",100.0,"[99.0, 98.0, 98.0, 98.0, 99.0, 99.0, 99.0, 99.0, 99.0, 98.0, 100.0, 98.0, 96.0, 96.0, 95.0, 97.0]",98.0,"{'SUM_SAMPLES': 93217174704, 'SUM_SAMPLES_QUIC': 68106517476, 'OVERVIEW': {'GENERAL': 10160066708, 'CRYPTO': 11403665640, 'IO': 2559842155, 'PACKET_IO': 40143141379, 'CONN_MGMT': 3839801594}, 'DETAILED': {'GENERAL (UNMATCHED)': 8827647148, 'CRYPTO (AEAD)': 4923163706, 'IO': 1879787940, 'IO (file)': 603629381, 'PACKET_IO (sendmsg)': 290648632, 'IO (epoll)': 59359134, 'PACKET_IO (read from stream)': 8695176250, 'IO (write)': 17065700, 'PACKET_IO (recvmsg)': 30271053463, 'CRYPTO (AES)': 4341710982, 'CRYPTO (HP apply)': 8575688, 'CONN_MGMT (find conn)': 546753966, 'CRYPTO (decrypt packet)': 1100373944, 'GENERAL (read_handler)': 461888581, 'CRYPTO (HP strip)': 1019068284, 'CONN_MGMT (process packet)': 663281239, 'GENERAL (process incoming packet)': 870530979, 'CONN_MGMT (parse packet)': 2553063727, 'CRYPTO (X25519)': 1553066, 'CONN_MGMT (build ack)': 38763459, 'CONN_MGMT': 22711208, 'CONN_MGMT (process incoming ack)': 4966181, 'PACKET_IO (send_packets_out)': 36275960, 'CRYPTO (encrypt packet)': 9219970, 'PACKET_IO (IP find next hop)': 12330636, 'CONN_MGMT (sport_packets_out)': 10261814, 'PACKET_IO (read one packet)': 837656438}}","{'SUM_SAMPLES': 71806521697, 'SUM_SAMPLES_QUIC': 70103295093, 'OVERVIEW': {'GENERAL': 5613877798, 'CRYPTO': 10113378263, 'PACKET_IO': 47040839545, 'IO': 819665265, 'CONN_MGMT': 6515534222}, 'DETAILED': {'GENERAL (UNMATCHED)': 5367249418, 'CRYPTO (AEAD)': 3752932683, 'PACKET_IO (recvmsg)': 90095588, 'CRYPTO (RSA)': 6463184, 'IO (epoll)': 6405475, 'CONN_MGMT': 5143096804, 'PACKET_IO (read one packet)': 5169550, 'IO (file)': 522924, 'PACKET_IO (sendmsg)': 39803955239, 'CRYPTO (AES)': 5210190876, 'CRYPTO (HP apply)': 479517052, 'GENERAL (read_handler)': 233928446, 'GENERAL (process incoming packet)': 12699934, 'CONN_MGMT (process packet)': 10145935, 'CRYPTO (decrypt packet)': 3213929, 'CRYPTO (HP strip)': 3448365, 'CONN_MGMT (parse packet)': 11348376, 'CRYPTO (X25519)': 1460443, 'CONN_MGMT (build ack)': 6892205, 'CONN_MGMT (process incoming ack)': 965858675, 'PACKET_IO (write to stream)': 5739224381, 'IO (read)': 812736866, 'CRYPTO (encrypt packet)': 656151731, 'PACKET_IO (send_packets_out)': 978820801, 'PACKET_IO (IP find next hop)': 423573986, 'CONN_MGMT (sport_packets_out)': 378192227}}",0,0,9085523123,2302985,5986961,27380,0,0,2302713,9085522851,27379,5986960,5986943,0,14,27354,14,0,27354,0,0,5986957,0,0,20.701857605
/srv/quic-10g/results/perf/goracle/optimized/run1,goracle-gard,lsquic,lsquic,none,3,3289.2341920986746,"[100.0, 100.0, 100.0, 100.0, 100.0, 100.0, 100.0, 100.0, 100.0, 99.0, 100.0, 101.0, 99.0, 101.0, 99.0, 100.0, 100.0, 101.0]",100.0,"[96.0, 97.0, 97.0, 97.0, 98.0, 98.0, 97.0, 98.0, 96.0, 97.0, 96.0, 98.0, 96.0, 96.0, 96.0, 96.0]",96.8125,"{'SUM_SAMPLES': 93398820991, 'SUM_SAMPLES_QUIC': 68257301150, 'OVERVIEW': {'GENERAL': 10324208797, 'CRYPTO': 11309420859, 'IO': 2548083166, 'PACKET_IO': 40208941634, 'CONN_MGMT': 3866646694}, 'DETAILED': {'GENERAL (UNMATCHED)': 8944053834, 'CRYPTO (AEAD)': 4981078117, 'IO': 1830703073, 'PACKET_IO (recvmsg)': 30267794845, 'CRYPTO (X25519)': 1833225, 'IO (epoll)': 74370149, 'CONN_MGMT': 32787436, 'PACKET_IO (read from stream)': 8765506103, 'IO (file)': 618858259, 'IO (write)': 24151685, 'PACKET_IO (sendmsg)': 310180106, 'CRYPTO (AES)': 4415098258, 'CRYPTO (HP apply)': 20880329, 'CRYPTO (decrypt packet)': 933364031, 'CRYPTO (HP strip)': 946626593, 'CONN_MGMT (process packet)': 650919583, 'GENERAL (read_handler)': 486334176, 'CONN_MGMT (find conn)': 568610386, 'GENERAL (process incoming packet)': 893820787, 'CONN_MGMT (parse packet)': 2530528348, 'CONN_MGMT (build ack)': 62821417, 'CONN_MGMT (process incoming ack)': 8773570, 'PACKET_IO (send_packets_out)': 25418351, 'CRYPTO (encrypt packet)': 10540306, 'PACKET_IO (IP find next hop)': 8459901, 'CONN_MGMT (sport_packets_out)': 12205954, 'PACKET_IO (read one packet)': 831582328}}","{'SUM_SAMPLES': 72800661340, 'SUM_SAMPLES_QUIC': 70688414026, 'OVERVIEW': {'GENERAL': 3221183408, 'CRYPTO': 10442856368, 'IO': 1631045216, 'CONN_MGMT': 6323054789, 'PACKET_IO': 49070274245}, 'DETAILED': {'GENERAL (UNMATCHED)': 2864974448, 'CRYPTO (AEAD)': 3300197958, 'CRYPTO (RSA)': 5760033, 'IO (epoll)': 8953661, 'CONN_MGMT': 4698206890, 'PACKET_IO (write to stream)': 6664841971, 'PACKET_IO (recvmsg)': 107298443, 'PACKET_IO (sendmsg)': 40630365699, 'CRYPTO (AES)': 5803699032, 'CRYPTO (HP apply)': 526225481, 'GENERAL (read_handler)': 350907754, 'GENERAL (process incoming packet)': 5301206, 'CRYPTO (decrypt packet)': 12279833, 'CONN_MGMT (process packet)': 6838344, 'CRYPTO (HP strip)': 5348261, 'CONN_MGMT (parse packet)': 11330537, 'CRYPTO (X25519)': 2500333, 'CONN_MGMT (build ack)': 3540020, 'CONN_MGMT (process incoming ack)': 1109110549, 'PACKET_IO (read from stream)': 929790, 'IO (read)': 1622091555, 'CRYPTO (encrypt packet)': 786845437, 'PACKET_IO (send_packets_out)': 1379403722, 'PACKET_IO (IP find next hop)': 280646780, 'CONN_MGMT (sport_packets_out)': 494028449, 'PACKET_IO (read one packet)': 6787840}}",0,0,9086546942,2297554,5987637,27299,0,0,2297826,9086547214,27300,5987638,5986945,0,689,27284,689,0,27284,0,0,5987634,0,0,20.892241977
/srv/quic-10g/results/perf/goracle/optimized/run1,goracle-gard,lsquic,lsquic,none,4,3345.964546431138,"[100.0, 99.0, 101.0, 83.0, 81.0, 82.0, 83.0, 86.0, 85.0, 84.0, 86.0, 86.0, 84.0, 85.0, 85.0, 84.0, 85.0]",87.0,"[95.0, 95.0, 95.0, 96.0, 96.0, 98.0, 97.0, 98.0, 98.0, 96.0, 98.0, 97.0, 97.0, 97.0, 98.0]",96.73333333333333,"{'SUM_SAMPLES': 91252868356, 'SUM_SAMPLES_QUIC': 66580938412, 'OVERVIEW': {'GENERAL': 10670355442, 'CRYPTO': 11378187880, 'IO': 2769230702, 'PACKET_IO': 38545990048, 'CONN_MGMT': 3217174340}, 'DETAILED': {'GENERAL (UNMATCHED)': 9441859266, 'CRYPTO (AEAD)': 4751439135, 'IO (file)': 685348944, 'IO': 2029500186, 'CRYPTO (X25519)': 1495518, 'IO (epoll)': 27387476, 'PACKET_IO (read from stream)': 9362224764, 'IO (write)': 26994096, 'PACKET_IO (recvmsg)': 28160259334, 'PACKET_IO (sendmsg)': 205062969, 'CRYPTO (AES)': 4878213905, 'CRYPTO (HP apply)': 10687593, 'CRYPTO (decrypt packet)': 778822034, 'CONN_MGMT (process packet)': 785293442, 'CRYPTO (HP strip)': 945226741, 'GENERAL (read_handler)': 542703428, 'GENERAL (process incoming packet)': 685792748, 'CONN_MGMT (find conn)': 411475709, 'CONN_MGMT (parse packet)': 1933759951, 'CONN_MGMT': 34670264, 'CONN_MGMT (build ack)': 36107865, 'CONN_MGMT (process incoming ack)': 8813874, 'PACKET_IO (send_packets_out)': 24853989, 'CRYPTO (encrypt packet)': 12302954, 'PACKET_IO (IP find next hop)': 3353875, 'CONN_MGMT (sport_packets_out)': 7053235, 'PACKET_IO (read one packet)': 790235117}}","{'SUM_SAMPLES': 63912616606, 'SUM_SAMPLES_QUIC': 60422599725, 'OVERVIEW': {'GENERAL': 5640400164, 'CRYPTO': 10557010542, 'IO': 1052826850, 'CONN_MGMT': 6805678990, 'PACKET_IO': 36366683179}, 'DETAILED': {'GENERAL (UNMATCHED)': 5431274098, 'CRYPTO (AEAD)': 3834913046, 'CRYPTO (RSA)': 5629751, 'IO (epoll)': 44142890, 'CONN_MGMT': 5253662191, 'PACKET_IO (write to stream)': 5780276525, 'PACKET_IO (recvmsg)': 63943643, 'PACKET_IO (sendmsg)': 28964863467, 'CRYPTO (AES)': 5462077484, 'CRYPTO (HP apply)': 481981678, 'IO (read)': 1008683960, 'CRYPTO (encrypt packet)': 761348638, 'PACKET_IO (send_packets_out)': 1136683586, 'PACKET_IO (IP find next hop)': 410345670, 'CONN_MGMT (sport_packets_out)': 459554345, 'GENERAL (read_handler)': 195574842, 'GENERAL (process incoming packet)': 13551224, 'CONN_MGMT (process packet)': 8295225, 'CRYPTO (decrypt packet)': 5928202, 'CRYPTO (HP strip)': 3530268, 'CONN_MGMT (parse packet)': 19338921, 'CRYPTO (X25519)': 1601475, 'CONN_MGMT (build ack)': 13966859, 'CONN_MGMT (process incoming ack)': 1050861449, 'PACKET_IO (read from stream)': 1696449, 'PACKET_IO (read one packet)': 8873839}}",0,0,9088190524,3786810,5988905,53063,0,0,3786538,9088190252,53062,5988904,5987132,0,1769,18453,1769,0,18453,0,0,5988901,0,4368,20.538017077
/srv/quic-10g/results/perf/goracle/optimized/run1,goracle-gard,lsquic,lsquic,none,5,3226.876893098699,"[100.0, 100.0, 100.0, 100.0, 100.0, 99.0, 101.0, 99.0, 101.0, 100.0, 100.0, 99.0, 101.0, 99.0, 100.0, 101.0, 99.0, 100.0, 101.0]",100.0,"[94.0, 94.0, 95.0, 95.0, 94.0, 95.0, 94.0, 94.0, 95.0, 94.0, 95.0, 94.0, 94.0, 93.0, 95.0, 94.0]",94.3125,"{'SUM_SAMPLES': 92276566385, 'SUM_SAMPLES_QUIC': 67438203181, 'OVERVIEW': {'GENERAL': 10754635848, 'CRYPTO': 11493259952, 'IO': 3197551130, 'PACKET_IO': 39636861929, 'CONN_MGMT': 2355894322}, 'DETAILED': {'GENERAL (UNMATCHED)': 9461002617, 'CRYPTO (AEAD)': 4496952941, 'IO': 2250183800, 'CRYPTO (X25519)': 2168389, 'IO (epoll)': 64143230, 'PACKET_IO (read from stream)': 9264306650, 'IO (write)': 21653046, 'IO (file)': 861571054, 'PACKET_IO (recvmsg)': 29163018403, 'PACKET_IO (sendmsg)': 297123682, 'CRYPTO (AES)': 5330107570, 'CRYPTO (HP apply)': 15001426, 'CRYPTO (decrypt packet)': 728491560, 'CRYPTO (HP strip)': 900009985, 'GENERAL (read_handler)': 564853160, 'GENERAL (process incoming packet)': 728780071, 'CONN_MGMT (find conn)': 402523638, 'CONN_MGMT (process packet)': 814701923, 'CONN_MGMT (parse packet)': 1061024039, 'CONN_MGMT (build ack)': 39792595, 'CONN_MGMT': 27658589, 'CONN_MGMT (process incoming ack)': 5142227, 'PACKET_IO (send_packets_out)': 32303242, 'CRYPTO (encrypt packet)': 20528081, 'CONN_MGMT (sport_packets_out)': 5051311, 'PACKET_IO (IP find next hop)': 3545395, 'PACKET_IO (read one packet)': 876564557}}","{'SUM_SAMPLES': 73811644639, 'SUM_SAMPLES_QUIC': 72169322775, 'OVERVIEW': {'GENERAL': 5513658147, 'CRYPTO': 10213426022, 'IO': 857343860, 'CONN_MGMT': 6558852369, 'PACKET_IO': 49026042377}, 'DETAILED': {'GENERAL (UNMATCHED)': 5305166049, 'CRYPTO (AEAD)': 3818473700, 'CRYPTO (RSA)': 6917259, 'IO (epoll)': 5308492, 'CONN_MGMT': 4941582157, 'PACKET_IO (recvmsg)': 85130501, 'PACKET_IO (sendmsg)': 41558705026, 'CRYPTO (AES)': 5336111961, 'CRYPTO (HP apply)': 416401857, 'GENERAL (read_handler)': 194462039, 'GENERAL (process incoming packet)': 14030059, 'CONN_MGMT (process packet)': 17798455, 'CRYPTO (decrypt packet)': 8875309, 'CONN_MGMT (parse packet)': 3606977, 'CRYPTO (X25519)': 1642626, 'CRYPTO (HP strip)': 1806700, 'CONN_MGMT (build ack)': 10942748, 'CONN_MGMT (process incoming ack)': 1064011002, 'PACKET_IO (write to stream)': 5810241825, 'IO (read)': 852035368, 'CRYPTO (encrypt packet)': 623196610, 'PACKET_IO (send_packets_out)': 1006795859, 'CONN_MGMT (sport_packets_out)': 520911030, 'PACKET_IO (IP find next hop)': 557333661, 'PACKET_IO (read one packet)': 7835505}}",0,0,9086799871,2322692,5987805,27600,0,0,2322964,9086800143,27601,5987806,5986946,2,855,27588,855,0,27587,0,0,5987802,0,0,21.295971675
/srv/quic-10g/results/perf/goracle/optimized/run1,goracle-gard,lsquic,lsquic,none,6,3284.993718740157,"[99.0, 99.0, 100.0, 100.0, 99.01, 100.0, 101.0, 99.0, 100.0, 101.0, 99.0, 101.0, 100.0, 99.0, 100.0, 100.0, 101.0]",99.88294117647058,"[93.0, 94.0, 95.0, 96.0, 95.0, 96.0, 96.0, 95.0, 95.0, 95.0, 94.0, 95.0, 95.0, 95.0, 94.0, 96.0]",94.9375,"{'SUM_SAMPLES': 91656321273, 'SUM_SAMPLES_QUIC': 66641493359, 'OVERVIEW': {'GENERAL': 11337149475, 'CRYPTO': 12197540701, 'IO': 3361765146, 'PACKET_IO': 37042050063, 'CONN_MGMT': 2702987974}, 'DETAILED': {'GENERAL (UNMATCHED)': 9974386749, 'CRYPTO (AEAD)': 4728346330, 'IO (write)': 23939389, 'PACKET_IO (read one packet)': 826330888, 'IO': 2417533960, 'PACKET_IO (recvmsg)': 26808467021, 'CRYPTO (X25519)': 1924811, 'PACKET_IO (sendmsg)': 308802266, 'IO (epoll)': 56977174, 'PACKET_IO (read from stream)': 9068949134, 'GENERAL (read_handler)': 562670922, 'IO (file)': 863314623, 'CRYPTO (AES)': 5527389510, 'CRYPTO (decrypt packet)': 843545821, 'CRYPTO (HP strip)': 1075773856, 'GENERAL (process incoming packet)': 800091804, 'CONN_MGMT (find conn)': 465987041, 'CONN_MGMT (parse packet)': 1187381134, 'CONN_MGMT (process packet)': 952679589, 'CONN_MGMT (build ack)': 57109852, 'CONN_MGMT': 25910778, 'CONN_MGMT (process incoming ack)': 7065513, 'PACKET_IO (send_packets_out)': 27719503, 'CRYPTO (encrypt packet)': 11948309, 'CRYPTO (HP apply)': 8612064, 'PACKET_IO (IP find next hop)': 1781251, 'CONN_MGMT (sport_packets_out)': 6854067}}","{'SUM_SAMPLES': 78899955907, 'SUM_SAMPLES_QUIC': 70651301721, 'OVERVIEW': {'GENERAL': 5605224782, 'CRYPTO': 10099823825, 'IO': 892428776, 'CONN_MGMT': 6485320401, 'PACKET_IO': 47568503937}, 'DETAILED': {'GENERAL (UNMATCHED)': 5365484332, 'CRYPTO (AEAD)': 3727622544, 'CRYPTO (RSA)': 5800871, 'IO (epoll)': 8309929, 'CONN_MGMT': 5038926052, 'PACKET_IO (write to stream)': 5729647491, 'PACKET_IO (sendmsg)': 40290663547, 'CRYPTO (AES)': 5237340372, 'CRYPTO (HP apply)': 421206148, 'GENERAL (read_handler)': 227438973, 'PACKET_IO (recvmsg)': 98657294, 'GENERAL (process incoming packet)': 12301477, 'CONN_MGMT (process packet)': 6908095, 'CRYPTO (decrypt packet)': 7316795, 'CRYPTO (HP strip)': 1740479, 'CONN_MGMT (parse packet)': 18007847, 'CRYPTO (X25519)': 2014633, 'CONN_MGMT (build ack)': 8844792, 'CONN_MGMT (process incoming ack)': 1022600057, 'PACKET_IO (read from stream)': 1794361, 'IO (read)': 884118847, 'CRYPTO (encrypt packet)': 696781983, 'PACKET_IO (send_packets_out)': 978897600, 'CONN_MGMT (sport_packets_out)': 390033558, 'PACKET_IO (IP find next hop)': 468843644}}",0,0,9086705137,2359699,5987782,28068,0,0,2359427,9086704865,28067,5987781,5986985,0,792,28030,792,0,28030,0,0,5987778,0,2,20.919210697
/srv/quic-10g/results/perf/goracle/optimized/run1,goracle-gard,lsquic,lsquic,none,7,3213.8476328115576,"[99.0, 100.0, 101.0, 99.0, 100.0, 100.0, 100.0, 101.0, 100.0, 100.0, 100.0, 100.0, 100.0, 99.0, 100.0, 100.0, 100.0, 100.0]",99.94444444444444,"[94.0, 94.0, 94.0, 95.0, 94.0, 96.0, 95.0, 94.0, 95.0, 93.0, 95.0, 94.0, 95.0, 94.0, 95.0, 94.0]",94.4375,"{'SUM_SAMPLES': 92884277879, 'SUM_SAMPLES_QUIC': 67744891232, 'OVERVIEW': {'GENERAL': 10140860418, 'CRYPTO': 11430241678, 'IO': 2559513137, 'PACKET_IO': 39785782825, 'CONN_MGMT': 3828493174}, 'DETAILED': {'GENERAL (UNMATCHED)': 8772849973, 'CRYPTO (AEAD)': 5019742392, 'IO': 1809255538, 'CRYPTO (X25519)': 1653874, 'IO (epoll)': 61840057, 'PACKET_IO (read from stream)': 8792635682, 'PACKET_IO (read one packet)': 839933712, 'PACKET_IO (send_packets_out)': 50696770, 'IO (write)': 28972253, 'IO (file)': 659445289, 'PACKET_IO (recvmsg)': 29834169972, 'PACKET_IO (sendmsg)': 266203536, 'CRYPTO (AES)': 4475674242, 'CRYPTO (HP apply)': 12189390, 'CRYPTO (decrypt packet)': 998982014, 'CRYPTO (HP strip)': 919726099, 'CONN_MGMT (find conn)': 617781923, 'CONN_MGMT (process packet)': 618606069, 'GENERAL (read_handler)': 505229260, 'GENERAL (process incoming packet)': 862781185, 'CONN_MGMT (parse packet)': 2474295191, 'CRYPTO (RSA)': 473608, 'CONN_MGMT': 32872019, 'CONN_MGMT (build ack)': 64373459, 'CONN_MGMT (process incoming ack)': 10370191, 'PACKET_IO (IP find next hop)': 2143153, 'CONN_MGMT (sport_packets_out)': 10194322, 'CRYPTO (encrypt packet)': 1800059}}","{'SUM_SAMPLES': 76456388397, 'SUM_SAMPLES_QUIC': 72450507036, 'OVERVIEW': {'GENERAL': 5408856669, 'CRYPTO': 9997922395, 'IO': 897153980, 'CONN_MGMT': 6806245365, 'PACKET_IO': 49340328627}, 'DETAILED': {'GENERAL (UNMATCHED)': 5194558117, 'CRYPTO (AEAD)': 3617776915, 'CRYPTO (RSA)': 7198208, 'IO (epoll)': 11498019, 'CONN_MGMT': 5179058559, 'PACKET_IO (read one packet)': 8832993, 'PACKET_IO (recvmsg)': 89008274, 'PACKET_IO (sendmsg)': 41753404590, 'CRYPTO (AES)': 5262789126, 'CRYPTO (HP apply)': 444651296, 'GENERAL (process incoming packet)': 16439865, 'CONN_MGMT (process packet)': 12428389, 'CRYPTO (decrypt packet)': 10540370, 'CRYPTO (HP strip)': 8776365, 'CONN_MGMT (parse packet)': 11391075, 'CRYPTO (X25519)': 1742330, 'GENERAL (read_handler)': 197858687, 'CONN_MGMT (build ack)': 10737635, 'CONN_MGMT (process incoming ack)': 1019829270, 'PACKET_IO (read from stream)': 1681544, 'PACKET_IO (write to stream)': 5813007963, 'IO (read)': 883834610, 'CRYPTO (encrypt packet)': 644447785, 'PACKET_IO (send_packets_out)': 1053368337, 'CONN_MGMT (sport_packets_out)': 572800437, 'PACKET_IO (IP find next hop)': 621024926, 'IO': 1821351}}",0,0,9086692040,2332188,5987733,27734,0,0,2332460,9086692312,27735,5987734,5986942,2,786,27711,786,0,27711,0,0,5987730,0,0,21.382307361
/srv/quic-10g/results/perf/goracle/optimized/run1,goracle-gard,lsquic,lsquic,none,8,3261.3449579588455,"[100.0, 101.0, 100.0, 100.0, 99.0, 101.0, 100.0, 99.0, 101.0, 99.0, 101.0, 99.0, 101.0, 99.0, 100.0, 101.0, 100.0, 100.0]",100.05555555555556,"[96.0, 97.0, 97.0, 96.0, 97.0, 97.0, 96.0, 94.0, 96.0, 96.0, 94.0, 95.0, 95.0, 95.0, 95.0, 94.0]",95.625,"{'SUM_SAMPLES': 92906125268, 'SUM_SAMPLES_QUIC': 67672851227, 'OVERVIEW': {'GENERAL': 10517472893, 'CRYPTO': 11357125820, 'IO': 2557353312, 'PACKET_IO': 39464527524, 'CONN_MGMT': 3776371678}, 'DETAILED': {'GENERAL (UNMATCHED)': 9091405403, 'CRYPTO (AEAD)': 5025607011, 'IO': 1864102148, 'IO (file)': 604861662, 'CRYPTO (X25519)': 1521257, 'IO (epoll)': 64668907, 'PACKET_IO (read from stream)': 8575634559, 'IO (write)': 23720595, 'PACKET_IO (recvmsg)': 29742313762, 'PACKET_IO (sendmsg)': 304542174, 'CRYPTO (AES)': 4313587391, 'CRYPTO (HP apply)': 8574203, 'CRYPTO (decrypt packet)': 976986006, 'GENERAL (process incoming packet)': 916990641, 'CRYPTO (HP strip)': 1014283361, 'CONN_MGMT (find conn)': 536128971, 'CONN_MGMT': 29459114, 'CONN_MGMT (process packet)': 716404125, 'GENERAL (read_handler)': 509076849, 'CONN_MGMT (parse packet)': 2419503830, 'CONN_MGMT (build ack)': 51160954, 'CONN_MGMT (process incoming ack)': 5009879, 'PACKET_IO (send_packets_out)': 29369091, 'CRYPTO (encrypt packet)': 16566591, 'PACKET_IO (IP find next hop)': 6834743, 'CONN_MGMT (sport_packets_out)': 18704805, 'PACKET_IO (read one packet)': 805833195}}","{'SUM_SAMPLES': 73354090063, 'SUM_SAMPLES_QUIC': 71594723481, 'OVERVIEW': {'GENERAL': 5499040485, 'CRYPTO': 10086267731, 'IO': 983995013, 'CONN_MGMT': 6630929799, 'PACKET_IO': 48394490453}, 'DETAILED': {'GENERAL (UNMATCHED)': 5270052041, 'CRYPTO (AEAD)': 3599055492, 'IO': 110530, 'IO (epoll)': 11074713, 'CONN_MGMT': 5074730487, 'PACKET_IO (write to stream)': 5669289584, 'PACKET_IO (recvmsg)': 112658345, 'PACKET_IO (sendmsg)': 41137427283, 'CRYPTO (AES)': 5331253183, 'CRYPTO (HP apply)': 516458654, 'GENERAL (read_handler)': 218519998, 'GENERAL (process incoming packet)': 10468446, 'CONN_MGMT (process packet)': 8863007, 'CRYPTO (decrypt packet)': 1807273, 'CRYPTO (HP strip)': 3515241, 'CONN_MGMT (parse packet)': 11413580, 'CRYPTO (X25519)': 1664019, 'CRYPTO (RSA)': 4729967, 'CONN_MGMT (build ack)': 5363089, 'CONN_MGMT (process incoming ack)': 995099553, 'IO (read)': 972809770, 'CRYPTO (encrypt packet)': 627783902, 'PACKET_IO (send_packets_out)': 1012454796, 'CONN_MGMT (sport_packets_out)': 535460083, 'PACKET_IO (IP find next hop)': 457324624, 'PACKET_IO (read one packet)': 5335821}}",0,0,9085501968,2408942,5986946,28638,0,0,2408670,9085501696,28637,5986945,5986942,0,0,28626,0,0,28626,0,0,5986942,0,0,21.070900873
/srv/quic-10g/results/perf/goracle/optimized/run1,goracle-gard,lsquic,lsquic,none,9,3219.9799938008355,"[100.0, 100.0, 100.0, 100.0, 100.0, 100.0, 101.0, 99.0, 100.0, 100.0, 101.0, 99.0, 100.0, 100.0, 100.0, 100.0, 100.0, 100.0, 100.0]",100.0,"[93.0, 92.0, 93.0, 94.0, 94.0, 93.0, 93.0, 94.0, 92.0, 94.0, 93.0, 93.0, 93.0, 93.0, 93.0, 93.0]",93.125,"{'SUM_SAMPLES': 91718325793, 'SUM_SAMPLES_QUIC': 66707958937, 'OVERVIEW': {'GENERAL': 10750092912, 'CRYPTO': 11300659981, 'IO': 3121982768, 'PACKET_IO': 39121495669, 'CONN_MGMT': 2413727607}, 'DETAILED': {'GENERAL (UNMATCHED)': 9547845558, 'CRYPTO (AEAD)': 4564179196, 'IO (write)': 29073792, 'IO (file)': 784015430, 'IO': 2237237689, 'CRYPTO (X25519)': 1904839, 'IO (epoll)': 71655857, 'PACKET_IO (read from stream)': 8671843127, 'PACKET_IO (read one packet)': 783005042, 'PACKET_IO (recvmsg)': 29277758213, 'PACKET_IO (sendmsg)': 335876149, 'CRYPTO (AES)': 4983641389, 'CRYPTO (HP apply)': 12552421, 'CRYPTO (decrypt packet)': 772616483, 'PACKET_IO (send_packets_out)': 44663101, 'GENERAL (read_handler)': 569320215, 'GENERAL (process incoming packet)': 632927139, 'CONN_MGMT (find conn)': 433825843, 'CRYPTO (HP strip)': 957087743, 'CONN_MGMT (process packet)': 837364430, 'CONN_MGMT (parse packet)': 1049193665, 'CONN_MGMT': 23240026, 'CONN_MGMT (build ack)': 49350099, 'CONN_MGMT (process incoming ack)': 12210452, 'CRYPTO (encrypt packet)': 8677910, 'PACKET_IO (IP find next hop)': 8350037, 'CONN_MGMT (sport_packets_out)': 8543092}}","{'SUM_SAMPLES': 73958444077, 'SUM_SAMPLES_QUIC': 72261477755, 'OVERVIEW': {'GENERAL': 5518783921, 'CRYPTO': 10081760847, 'IO': 934087191, 'CONN_MGMT': 6797082167, 'PACKET_IO': 48929763629}, 'DETAILED': {'GENERAL (UNMATCHED)': 5291536831, 'CRYPTO (AEAD)': 3665849931, 'CRYPTO (RSA)': 6017205, 'IO (epoll)': 3554330, 'CONN_MGMT': 5140186372, 'PACKET_IO (recvmsg)': 87092709, 'PACKET_IO (sendmsg)': 41758984317, 'CRYPTO (AES)': 5328392074, 'CRYPTO (HP apply)': 405500254, 'GENERAL (read_handler)': 218284356, 'GENERAL (process incoming packet)': 8962734, 'CRYPTO (decrypt packet)': 8706377, 'CONN_MGMT (process packet)': 12285927, 'CONN_MGMT (parse packet)': 22856011, 'CRYPTO (X25519)': 1505394, 'CRYPTO (HP strip)': 1812500, 'CONN_MGMT (process incoming ack)': 1070342243, 'PACKET_IO (write to stream)': 5574587667, 'IO (read)': 930532861, 'CRYPTO (encrypt packet)': 663977112, 'PACKET_IO (send_packets_out)': 987126526, 'PACKET_IO (IP find next hop)': 514793043, 'CONN_MGMT (sport_packets_out)': 551411614, 'PACKET_IO (read one packet)': 7179367}}",0,0,9085813083,2478235,5987151,29493,0,0,2478161,9085813083,29492,5987151,5986942,2,205,29478,205,0,29478,0,0,5987149,0,0,21.341584803
/srv/quic-10g/results/perf/goracle/optimized/run1,goracle-gard,lsquic,lsquic,none,10,3299.7092102394136,"[100.0, 100.0, 100.0, 99.0, 100.0, 101.0, 100.0, 100.0, 100.0, 100.0, 100.0, 100.0, 99.0, 100.0, 100.0, 100.0, 101.0, 99.0]",99.94444444444444,"[97.0, 96.0, 96.0, 95.0, 97.0, 96.0, 97.0, 96.0, 97.0, 96.0, 96.0, 97.0, 97.0, 96.0, 96.0, 95.0]",96.25,"{'SUM_SAMPLES': 92681729156, 'SUM_SAMPLES_QUIC': 67547372990, 'OVERVIEW': {'GENERAL': 10576068702, 'CRYPTO': 11701414814, 'IO': 3387521852, 'PACKET_IO': 39307223070, 'CONN_MGMT': 2575144552}, 'DETAILED': {'GENERAL (UNMATCHED)': 9353929124, 'CRYPTO (AEAD)': 4470513248, 'CRYPTO (encrypt packet)': 10122462, 'IO': 2373751805, 'CRYPTO (X25519)': 2207853, 'IO (epoll)': 51234297, 'PACKET_IO (read from stream)': 8703188835, 'PACKET_IO (read one packet)': 855533718, 'IO (write)': 29020063, 'IO (file)': 933515687, 'PACKET_IO (recvmsg)': 29407951652, 'PACKET_IO (sendmsg)': 295054961, 'CRYPTO (AES)': 5390041727, 'CRYPTO (HP apply)': 6758612, 'GENERAL (read_handler)': 503590705, 'CRYPTO (decrypt packet)': 779755234, 'GENERAL (process incoming packet)': 718548873, 'CONN_MGMT (find conn)': 412692943, 'CONN_MGMT (process packet)': 952607582, 'CRYPTO (HP strip)': 1042015678, 'CONN_MGMT (parse packet)': 1139475009, 'CONN_MGMT (build ack)': 49511104, 'CONN_MGMT': 15617232, 'CONN_MGMT (process incoming ack)': 3544970, 'PACKET_IO (send_packets_out)': 38482349, 'PACKET_IO (IP find next hop)': 7011555, 'CONN_MGMT (sport_packets_out)': 1695712}}","{'SUM_SAMPLES': 72532289856, 'SUM_SAMPLES_QUIC': 70641479275, 'OVERVIEW': {'GENERAL': 3394916127, 'CRYPTO': 10701806713, 'IO': 1501326973, 'CONN_MGMT': 6240937140, 'PACKET_IO': 48802492322}, 'DETAILED': {'GENERAL (UNMATCHED)': 3028508679, 'CRYPTO (AEAD)': 3351492698, 'CRYPTO (RSA)': 7463455, 'IO (epoll)': 11215503, 'CONN_MGMT': 4695780997, 'PACKET_IO (write to stream)': 6808806874, 'PACKET_IO (sendmsg)': 40350979214, 'CRYPTO (AES)': 5997390070, 'CRYPTO (HP apply)': 497993777, 'GENERAL (read_handler)': 351762911, 'PACKET_IO (recvmsg)': 74719517, 'CRYPTO (decrypt packet)': 7127399, 'GENERAL (process incoming packet)': 14644537, 'CONN_MGMT (process packet)': 3427294, 'CRYPTO (HP strip)': 5350055, 'CONN_MGMT (parse packet)': 7977051, 'CRYPTO (X25519)': 1627848, 'CONN_MGMT (build ack)': 3628269, 'CONN_MGMT (process incoming ack)': 1029141997, 'PACKET_IO (read from stream)': 1792356, 'IO (read)': 1490111470, 'CRYPTO (encrypt packet)': 833361411, 'PACKET_IO (send_packets_out)': 1305440359, 'PACKET_IO (IP find next hop)': 260754002, 'CONN_MGMT (sport_packets_out)': 500981532}}",0,0,9085502668,2401740,5986955,28571,0,0,2401468,9085502396,28570,5986954,5986949,2,0,28551,0,0,28551,0,0,5986951,0,0,20.825919016
/srv/quic-10g/results/perf/goracle/optimized/run1,goracle-gard,quiche,quiche,none,1,2517.492040678761,"[96.0, 99.0, 100.0, 100.0, 100.0, 100.0, 100.0, 101.0, 100.0, 100.0, 99.0, 101.0, 99.0, 101.0, 100.0, 100.0, 100.0, 100.0, 100.0, 100.0, 99.0, 101.0, 100.0, 100.0, 100.0]",99.84,"[83.0, 84.0, 85.0, 84.0, 83.0, 85.0, 84.0, 83.0, 84.0, 84.0, 84.0, 85.0, 84.0, 85.0, 84.0, 85.0, 85.0, 85.0, 84.0, 83.0, 84.0]",84.14285714285714,"{'SUM_SAMPLES': 82947816603, 'SUM_SAMPLES_QUIC': 66688787690, 'OVERVIEW': {'GENERAL': 23350848638, 'CONN_MGMT': 10603430746, 'CRYPTO': 20322623666, 'IO': 4362497053, 'PACKET_IO': 8049387587}, 'DETAILED': {'GENERAL (UNMATCHED)': 23350848638, 'CONN_MGMT (btree)': 1796586508, 'CRYPTO': 3528487112, 'CRYPTO (AEAD)': 2103368721, 'CRYPTO (AES)': 13324065995, 'CONN_MGMT (quiche::Connection)': 207640429, 'CONN_MGMT': 1600985576, 'IO (file)': 2619457847, 'CONN_MGMT (connection)': 996906456, 'CONN_MGMT (stream handling)': 2677899548, 'PACKET_IO (recvfrom)': 2947122321, 'CONN_MGMT (parse_packet)': 1922753551, 'CONN_MGMT (RangeSet)': 586147746, 'CONN_MGMT (parse packet)': 88878601, 'CONN_MGMT (build_packet)': 619059751, 'CRYPTO (decrypt)': 1280122244, 'IO (epoll)': 1733478076, 'PACKET_IO (send)': 808213385, 'PACKET_IO (sendto)': 4247484954, 'PACKET_IO (IP find next hop)': 46566927, 'IO (write)': 9561130, 'CONN_MGMT (congestion control)': 106572580, 'CRYPTO (encrypt)': 86579594}}","{'SUM_SAMPLES': 101952218318, 'SUM_SAMPLES_QUIC': 93049470850, 'OVERVIEW': {'CONN_MGMT': 17596403329, 'GENERAL': 20571403960, 'IO': 4945535339, 'CRYPTO': 13873544411, 'PACKET_IO': 36062583811}, 'DETAILED': {'CONN_MGMT (btree)': 2907475039, 'GENERAL (UNMATCHED)': 20571403960, 'IO (epoll)': 1255145340, 'CONN_MGMT': 901782948, 'CRYPTO': 1968692476, 'CRYPTO (AEAD)': 3074041562, 'CRYPTO (AES)': 7811590886, 'CONN_MGMT (quiche::Connection)': 639773671, 'PACKET_IO (send)': 3411667306, 'CONN_MGMT (parse_packet)': 467700564, 'PACKET_IO (recvfrom)': 1196994266, 'PACKET_IO (sendto)': 30134323927, 'CONN_MGMT (stream handling)': 4264347635, 'CONN_MGMT (connection)': 932790659, 'CONN_MGMT (RangeSet)': 423225104, 'CONN_MGMT (congestion control)': 1652689982, 'CONN_MGMT (parse packet)': 403945709, 'PACKET_IO (IP find next hop)': 293954195, 'CONN_MGMT (build_packet)': 5002672018, 'CRYPTO (decrypt)': 298281893, 'CRYPTO (encrypt)': 720812684, 'PACKET_IO (read)': 1025644117, 'IO (read)': 3690389999, 'CRYPTO (25519)': 124910}}",0,0,9250875751,43205218,6626720,451178,0,0,43205490,9250876023,451179,6626721,6625629,0,1087,451174,1087,0,451174,0,0,6626716,0,0,27.296799402
/srv/quic-10g/results/perf/goracle/optimized/run1,goracle-gard,quiche,quiche,none,2,2546.6592792232304,"[96.0, 100.0, 99.0, 101.0, 100.0, 100.0, 100.0, 99.0, 100.0, 100.0, 100.0, 101.0, 99.0, 100.0, 101.0, 99.0, 101.0, 100.0, 100.0, 100.0, 100.0, 99.0, 101.0, 100.0]",99.83333333333333,"[85.0, 84.0, 85.0, 84.0, 86.0, 85.0, 85.0, 85.0, 85.0, 85.0, 85.0, 83.17, 85.0, 85.0, 85.0, 84.0, 85.0, 85.0, 81.0, 85.0, 84.0]",84.5795238095238,"{'SUM_SAMPLES': 83128212110, 'SUM_SAMPLES_QUIC': 67830759680, 'OVERVIEW': {'GENERAL': 24200289214, 'CONN_MGMT': 11615548997, 'CRYPTO': 19830331368, 'IO': 4307196581, 'PACKET_IO': 7877393520}, 'DETAILED': {'GENERAL (UNMATCHED)': 24200289214, 'CONN_MGMT (btree)': 1790371032, 'CRYPTO': 3629107511, 'CRYPTO (AEAD)': 2274933963, 'CRYPTO (AES)': 12185385193, 'CONN_MGMT (quiche::Connection)': 236294908, 'CONN_MGMT': 1834237780, 'IO (file)': 2592859329, 'CONN_MGMT (connection)': 1072923913, 'CONN_MGMT (stream handling)': 2924528850, 'PACKET_IO (recvfrom)': 3018714362, 'CONN_MGMT (parse_packet)': 2174383249, 'CONN_MGMT (RangeSet)': 675521682, 'CONN_MGMT (parse packet)': 118191835, 'CONN_MGMT (build_packet)': 649354609, 'CRYPTO (decrypt)': 1673872457, 'CRYPTO (encrypt)': 67032244, 'CONN_MGMT (congestion control)': 139741139, 'IO (epoll)': 1704367630, 'PACKET_IO (send)': 757457017, 'PACKET_IO (sendto)': 4032923802, 'PACKET_IO (IP find next hop)': 68298339, 'IO (write)': 9969622}}","{'SUM_SAMPLES': 100627988351, 'SUM_SAMPLES_QUIC': 92701509457, 'OVERVIEW': {'GENERAL': 20903700900, 'CONN_MGMT': 17423462679, 'CRYPTO': 14496538247, 'IO': 4879477285, 'PACKET_IO': 34998330346}, 'DETAILED': {'GENERAL (UNMATCHED)': 20903700900, 'CONN_MGMT (btree)': 2926543508, 'CRYPTO': 2056772447, 'CRYPTO (AEAD)': 3301757009, 'CRYPTO (AES)': 8086033063, 'CONN_MGMT (quiche::Connection)': 546026791, 'IO (epoll)': 1163224753, 'CONN_MGMT': 838501829, 'PACKET_IO (send)': 3457001920, 'PACKET_IO (recvfrom)': 1138790992, 'PACKET_IO (sendto)': 29130534539, 'CONN_MGMT (parse_packet)': 535027288, 'CONN_MGMT (connection)': 995069448, 'CONN_MGMT (RangeSet)': 458319605, 'CONN_MGMT (stream handling)': 4310536578, 'CONN_MGMT (congestion control)': 1796021454, 'PACKET_IO (IP find next hop)': 253652223, 'CONN_MGMT (parse packet)': 418731614, 'CONN_MGMT (build_packet)': 4598684564, 'CRYPTO (decrypt)': 241461375, 'CRYPTO (encrypt)': 810345568, 'CRYPTO (25519)': 168785, 'PACKET_IO (read)': 1018350672, 'IO (read)': 3716252532}}",0,0,9250329786,42459896,6626330,443417,0,0,42459896,9250329860,443417,6626331,6625511,0,814,443412,814,0,443412,0,0,6626325,0,0,26.984166178
/srv/quic-10g/results/perf/goracle/optimized/run1,goracle-gard,quiche,quiche,none,3,2518.70974431053,"[96.0, 100.0, 99.0, 101.0, 100.0, 99.0, 100.0, 100.0, 100.0, 101.0, 100.0, 100.0, 98.02, 100.0, 100.0, 100.0, 100.0, 100.0, 100.0, 100.0, 101.0, 99.0, 100.0, 100.0, 100.0]",99.7608,"[84.0, 84.0, 84.0, 84.0, 85.0, 84.0, 85.0, 84.0, 84.0, 85.0, 83.0, 86.0, 85.0, 84.0, 84.0, 85.0, 84.0, 85.0, 85.0, 85.0, 84.0]",84.42857142857143,"{'SUM_SAMPLES': 87975281043, 'SUM_SAMPLES_QUIC': 68974223426, 'OVERVIEW': {'GENERAL': 24495757066, 'CONN_MGMT': 11097760339, 'CRYPTO': 20597075580, 'IO': 4768914872, 'PACKET_IO': 8014715569}, 'DETAILED': {'GENERAL (UNMATCHED)': 24495757066, 'CONN_MGMT (btree)': 1739023204, 'CONN_MGMT (parse packet)': 71238948, 'CONN_MGMT': 1771479098, 'CRYPTO': 4182588799, 'CRYPTO (AEAD)': 2258129401, 'CRYPTO (AES)': 12478833632, 'CONN_MGMT (quiche::Connection)': 213600433, 'IO (write)': 9593839, 'CONN_MGMT (stream handling)': 2984160276, 'PACKET_IO (recvfrom)': 3125505265, 'CONN_MGMT (parse_packet)': 1976476713, 'CONN_MGMT (connection)': 1014066783, 'CONN_MGMT (build_packet)': 557505433, 'CRYPTO (decrypt)': 1615011705, 'CRYPTO (encrypt)': 61857064, 'CONN_MGMT (RangeSet)': 650700503, 'IO (epoll)': 2010684166, 'PACKET_IO (sendto)': 4019553170, 'PACKET_IO (send)': 806947000, 'IO (file)': 2748636867, 'PACKET_IO (IP find next hop)': 62710134, 'CONN_MGMT (congestion control)': 119508948, 'CRYPTO (RSA)': 654979}}","{'SUM_SAMPLES': 96295400731, 'SUM_SAMPLES_QUIC': 93595991345, 'OVERVIEW': {'CONN_MGMT': 16574402561, 'GENERAL': 20666387709, 'IO': 4672918995, 'CRYPTO': 14248841734, 'PACKET_IO': 37433440346}, 'DETAILED': {'CONN_MGMT (btree)': 2787187342, 'GENERAL (UNMATCHED)': 20666387709, 'IO (epoll)': 1034268315, 'CRYPTO': 2114777126, 'CRYPTO (AEAD)': 3203296446, 'CRYPTO (AES)': 7897722887, 'CONN_MGMT (quiche::Connection)': 542100258, 'CONN_MGMT': 949124807, 'PACKET_IO (send)': 3662006859, 'PACKET_IO (recvfrom)': 1098973267, 'PACKET_IO (sendto)': 31308356781, 'CONN_MGMT (stream handling)': 4073358133, 'CONN_MGMT (parse_packet)': 442034724, 'CONN_MGMT (RangeSet)': 372154644, 'CONN_MGMT (congestion control)': 1694866146, 'CONN_MGMT (connection)': 883462257, 'CONN_MGMT (build_packet)': 4468146861, 'PACKET_IO (IP find next hop)': 311328400, 'CONN_MGMT (parse packet)': 361967389, 'CRYPTO (decrypt)': 221030790, 'CRYPTO (encrypt)': 811802929, 'PACKET_IO (read)': 1052775039, 'IO (read)': 3638650680, 'CRYPTO (25519)': 211556}}",0,0,9250660010,42711987,6626567,446041,0,0,42711715,9250659738,446040,6626566,6625533,0,1029,446037,1029,0,446036,0,0,6626562,0,0,27.283602742
/srv/quic-10g/results/perf/goracle/optimized/run1,goracle-gard,quiche,quiche,none,4,2509.695809404244,"[95.0, 100.0, 100.0, 100.0, 100.0, 100.0, 100.0, 100.0, 100.0, 100.0, 100.0, 100.0, 100.0, 100.0, 100.0, 100.0, 100.0, 100.0, 100.0, 100.0, 100.0, 100.0, 100.0, 100.0, 100.0]",99.8,"[84.0, 83.0, 83.0, 83.0, 84.0, 83.0, 83.0, 84.0, 83.0, 83.0, 84.0, 84.0, 83.0, 83.0, 83.0, 84.0, 84.0, 83.0, 84.0, 83.0, 84.0]",83.42857142857143,"{'SUM_SAMPLES': 84018240616, 'SUM_SAMPLES_QUIC': 67551088740, 'OVERVIEW': {'GENERAL': 23566217951, 'CONN_MGMT': 11765851515, 'CRYPTO': 19747516510, 'IO': 4504910237, 'PACKET_IO': 7966592527}, 'DETAILED': {'GENERAL (UNMATCHED)': 23566217951, 'CONN_MGMT (btree)': 1948019559, 'CRYPTO': 3641743298, 'CRYPTO (AEAD)': 2120155265, 'CRYPTO (AES)': 12186945566, 'CONN_MGMT (quiche::Connection)': 265096845, 'CONN_MGMT': 1942143789, 'IO (file)': 2589524628, 'CONN_MGMT (connection)': 1059622383, 'CONN_MGMT (stream handling)': 2875327748, 'CONN_MGMT (parse_packet)': 2160897660, 'CONN_MGMT (RangeSet)': 701079158, 'PACKET_IO (recvfrom)': 2982900908, 'CONN_MGMT (build_packet)': 629912498, 'CRYPTO (decrypt)': 1747788441, 'CRYPTO (encrypt)': 50883940, 'IO (epoll)': 1898925241, 'PACKET_IO (sendto)': 4088258609, 'PACKET_IO (send)': 810848717, 'PACKET_IO (IP find next hop)': 84584293, 'IO (write)': 16460368, 'CONN_MGMT (parse packet)': 88611629, 'CONN_MGMT (congestion control)': 95140246}}","{'SUM_SAMPLES': 95709057004, 'SUM_SAMPLES_QUIC': 93939410405, 'OVERVIEW': {'CONN_MGMT': 17658308585, 'GENERAL': 21026861651, 'CRYPTO': 13905353280, 'IO': 4695656689, 'PACKET_IO': 36653230200}, 'DETAILED': {'CONN_MGMT (btree)': 2996624324, 'GENERAL (UNMATCHED)': 21026861651, 'CRYPTO': 1858746121, 'CRYPTO (AEAD)': 3052534477, 'CRYPTO (AES)': 7882246861, 'CONN_MGMT (quiche::Connection)': 616857712, 'IO (epoll)': 1110905069, 'PACKET_IO (send)': 3434314729, 'PACKET_IO (recvfrom)': 1298769592, 'PACKET_IO (sendto)': 30365685720, 'CONN_MGMT (stream handling)': 4244588550, 'CONN_MGMT': 854453974, 'CONN_MGMT (parse_packet)': 394232449, 'CONN_MGMT (RangeSet)': 444548592, 'CONN_MGMT (congestion control)': 1808315829, 'CONN_MGMT (connection)': 784381858, 'PACKET_IO (IP find next hop)': 339237482, 'CONN_MGMT (parse packet)': 798820604, 'CONN_MGMT (build_packet)': 4715484693, 'CRYPTO (decrypt)': 266090998, 'CRYPTO (encrypt)': 845572927, 'PACKET_IO (read)': 1215222677, 'IO (read)': 3584751620, 'CRYPTO (25519)': 161896}}",0,0,9250512342,44148448,6626459,461009,0,0,44148720,9250512614,461010,6626460,6625402,0,1054,461006,1054,0,461006,0,0,6626456,0,0,27.381596542
/srv/quic-10g/results/perf/goracle/optimized/run1,goracle-gard,quiche,quiche,none,5,2507.6208695051823,"[95.0, 100.0, 100.0, 100.0, 100.0, 100.0, 100.0, 100.0, 100.0, 100.0, 100.0, 100.0, 100.0, 100.0, 100.0, 101.0, 99.0, 100.0, 100.0, 99.0, 100.0, 100.0, 100.0, 100.0, 100.0]",99.76,"[82.0, 80.0, 81.0, 81.0, 81.0, 80.0, 80.0, 81.0, 80.0, 80.0, 80.0, 81.0, 81.0, 80.0, 80.0, 80.0, 81.0, 81.0, 81.0, 82.0, 81.0]",80.66666666666667,"{'SUM_SAMPLES': 81897056344, 'SUM_SAMPLES_QUIC': 65039522646, 'OVERVIEW': {'GENERAL': 23847406085, 'CONN_MGMT': 11310999541, 'CRYPTO': 19522516840, 'IO': 4334515987, 'PACKET_IO': 6024084193}, 'DETAILED': {'GENERAL (UNMATCHED)': 23847406085, 'CONN_MGMT (btree)': 1744902568, 'CRYPTO': 3990495568, 'CRYPTO (AEAD)': 2085451376, 'CRYPTO (AES)': 11894850123, 'CONN_MGMT (quiche::Connection)': 265118602, 'CONN_MGMT': 1774798758, 'IO (write)': 9223463, 'IO (file)': 2602196971, 'CONN_MGMT (connection)': 977380023, 'CONN_MGMT (stream handling)': 2948260594, 'PACKET_IO (recvfrom)': 2308533381, 'CONN_MGMT (parse_packet)': 2076960636, 'CONN_MGMT (RangeSet)': 594024128, 'CONN_MGMT (parse packet)': 133147664, 'CONN_MGMT (build_packet)': 647922691, 'CRYPTO (decrypt)': 1489411665, 'CRYPTO (encrypt)': 61607584, 'IO (epoll)': 1723095553, 'PACKET_IO (sendto)': 3099462993, 'PACKET_IO (send)': 536611781, 'PACKET_IO (IP find next hop)': 79476038, 'CRYPTO (25519)': 700524, 'CONN_MGMT (congestion control)': 148483877}}","{'SUM_SAMPLES': 97407267310, 'SUM_SAMPLES_QUIC': 93770028433, 'OVERVIEW': {'CONN_MGMT': 17438560007, 'GENERAL': 21062076699, 'IO': 4782953381, 'PACKET_IO': 36585249849, 'CRYPTO': 13901188497}, 'DETAILED': {'CONN_MGMT (btree)': 2800482331, 'GENERAL (UNMATCHED)': 21062076699, 'IO (epoll)': 1080671914, 'PACKET_IO (send)': 3794793276, 'CRYPTO': 1854963293, 'CRYPTO (AEAD)': 3044631023, 'CRYPTO (AES)': 8094946049, 'CONN_MGMT (quiche::Connection)': 549775707, 'CONN_MGMT': 992604576, 'PACKET_IO (recvfrom)': 1350714533, 'PACKET_IO (sendto)': 30077789260, 'CONN_MGMT (connection)': 947408676, 'CONN_MGMT (parse_packet)': 429514688, 'CONN_MGMT (RangeSet)': 417928842, 'CONN_MGMT (stream handling)': 4402587327, 'CONN_MGMT (congestion control)': 1794398714, 'PACKET_IO (IP find next hop)': 268318738, 'CONN_MGMT (parse packet)': 371704397, 'CONN_MGMT (build_packet)': 4732154749, 'CRYPTO (decrypt)': 234703182, 'CRYPTO (encrypt)': 671944950, 'PACKET_IO (read)': 1093634042, 'IO (read)': 3702281467}}",0,0,9251468183,48283123,6627144,504081,0,0,48283123,9251468183,504081,6627144,6625890,0,1249,504076,1249,0,504076,0,0,6627139,0,0,27.404253192
/srv/quic-10g/results/perf/goracle/optimized/run1,goracle-gard,quiche,quiche,none,6,2568.539322610622,"[99.0, 101.0, 100.0, 99.0, 98.0, 100.0, 100.0, 100.0, 100.0, 101.0, 99.0, 100.0, 100.0, 100.0, 100.0, 101.0, 99.0, 100.0, 100.0, 100.0, 101.0, 99.0, 100.0, 101.0]",99.91666666666667,"[71.0, 68.0, 69.0, 76.0, 84.0, 84.0, 84.0, 83.0, 84.0, 86.0, 84.0, 84.0, 84.0, 84.0, 85.0, 85.0, 85.0, 85.0, 86.0, 84.0]",81.75,"{'SUM_SAMPLES': 82736332905, 'SUM_SAMPLES_QUIC': 66703626397, 'OVERVIEW': {'GENERAL': 24984897029, 'CONN_MGMT': 11057836983, 'CRYPTO': 20227678657, 'IO': 4371328588, 'PACKET_IO': 6061885140}, 'DETAILED': {'GENERAL (UNMATCHED)': 24984897029, 'CONN_MGMT (btree)': 1754630485, 'CONN_MGMT': 1703483732, 'CRYPTO': 3745742697, 'CRYPTO (AEAD)': 2158715281, 'CRYPTO (AES)': 12596244509, 'CONN_MGMT (quiche::Connection)': 191698174, 'IO (file)': 2943406841, 'CONN_MGMT (stream handling)': 2882364056, 'PACKET_IO (recvfrom)': 2784567653, 'CONN_MGMT (connection)': 1030858370, 'CONN_MGMT (parse_packet)': 2024822217, 'CONN_MGMT (parse packet)': 103577591, 'CONN_MGMT (build_packet)': 626831115, 'CRYPTO (decrypt)': 1670802056, 'CONN_MGMT (RangeSet)': 608966648, 'IO (epoll)': 1409104785, 'PACKET_IO (sendto)': 2750285007, 'PACKET_IO (send)': 472244843, 'PACKET_IO (IP find next hop)': 54787637, 'IO (write)': 18816962, 'CONN_MGMT (congestion control)': 130604595, 'CRYPTO (encrypt)': 56174114}}","{'SUM_SAMPLES': 94982203580, 'SUM_SAMPLES_QUIC': 92117312205, 'OVERVIEW': {'CONN_MGMT': 17151425844, 'GENERAL': 19879239922, 'CRYPTO': 10960066954, 'IO': 5077981902, 'PACKET_IO': 39048597583}, 'DETAILED': {'CONN_MGMT (btree)': 2629004309, 'GENERAL (UNMATCHED)': 19879239922, 'CRYPTO': 1379609829, 'CRYPTO (AEAD)': 1651746427, 'CRYPTO (AES)': 7309282679, 'CONN_MGMT (quiche::Connection)': 460813883, 'IO (epoll)': 911392010, 'CONN_MGMT': 1639434367, 'PACKET_IO (send)': 4648660507, 'CONN_MGMT (parse_packet)': 441062858, 'CONN_MGMT (stream handling)': 4052235337, 'PACKET_IO (recvfrom)': 813351039, 'CONN_MGMT (connection)': 938859097, 'CONN_MGMT (RangeSet)': 413914228, 'CONN_MGMT (congestion control)': 1728078298, 'PACKET_IO (sendto)': 32442052415, 'PACKET_IO (IP find next hop)': 259070933, 'CONN_MGMT (parse packet)': 306602698, 'CONN_MGMT (build_packet)': 4541420769, 'CRYPTO (decrypt)': 136419028, 'CRYPTO (encrypt)': 483008991, 'PACKET_IO (read)': 885462689, 'IO (read)': 4166589892}}",0,0,9256311694,44595789,6630615,465669,0,0,44595517,9256311422,465668,6630614,6623312,0,7298,465664,7298,0,465664,0,0,6630610,0,0,26.75430246
/srv/quic-10g/results/perf/goracle/optimized/run1,goracle-gard,quiche,quiche,none,7,2515.0895261205123,"[96.0, 99.0, 100.0, 100.0, 101.0, 99.0, 100.0, 101.0, 100.0, 100.0, 100.0, 100.0, 100.0, 99.0, 101.0, 99.0, 101.0, 100.0, 99.0, 100.0, 101.0, 100.0, 99.0, 101.0, 99.0]",99.8,"[84.0, 84.0, 86.0, 84.0, 85.0, 84.0, 85.0, 85.0, 84.0, 83.0, 84.0, 86.0, 85.0, 84.0, 86.0, 85.0, 85.0, 86.0, 84.0, 88.0, 85.0]",84.85714285714286,"{'SUM_SAMPLES': 84763876224, 'SUM_SAMPLES_QUIC': 68644850312, 'OVERVIEW': {'GENERAL': 24407107030, 'CONN_MGMT': 11534382043, 'CRYPTO': 19546941612, 'PACKET_IO': 8308064608, 'IO': 4848355019}, 'DETAILED': {'GENERAL (UNMATCHED)': 24407107030, 'CONN_MGMT (btree)': 1819633634, 'CONN_MGMT': 1755292110, 'CRYPTO': 3939971331, 'CRYPTO (AEAD)': 2149474435, 'CRYPTO (AES)': 11788761605, 'CONN_MGMT (quiche::Connection)': 216850492, 'CONN_MGMT (stream handling)': 2917343353, 'PACKET_IO (recvfrom)': 3039036092, 'CONN_MGMT (parse_packet)': 2192470564, 'CONN_MGMT (connection)': 967430219, 'CONN_MGMT (RangeSet)': 746083429, 'CONN_MGMT (parse packet)': 118977651, 'CONN_MGMT (build_packet)': 621110438, 'CRYPTO (decrypt)': 1601950001, 'CONN_MGMT (congestion control)': 179190153, 'IO (epoll)': 1990620118, 'PACKET_IO (sendto)': 4315690704, 'PACKET_IO (IP find next hop)': 64929393, 'PACKET_IO (send)': 888408419, 'IO (write)': 13404879, 'IO (file)': 2844330022, 'CRYPTO (encrypt)': 66784240}}","{'SUM_SAMPLES': 98625911194, 'SUM_SAMPLES_QUIC': 93956040858, 'OVERVIEW': {'CONN_MGMT': 16942230901, 'GENERAL': 20907279185, 'IO': 4839900315, 'PACKET_IO': 36855456959, 'CRYPTO': 14411173498}, 'DETAILED': {'CONN_MGMT (btree)': 2902743347, 'GENERAL (UNMATCHED)': 20907279185, 'IO (epoll)': 1192080052, 'PACKET_IO (send)': 3579707803, 'CRYPTO': 2261737707, 'CRYPTO (AEAD)': 3443972152, 'CRYPTO (AES)': 7651375819, 'CONN_MGMT (quiche::Connection)': 522964883, 'CONN_MGMT': 911264751, 'PACKET_IO (recvfrom)': 1165957777, 'PACKET_IO (sendto)': 30701275810, 'CONN_MGMT (stream handling)': 4109923989, 'CONN_MGMT (connection)': 996557493, 'CONN_MGMT (parse_packet)': 396289082, 'CONN_MGMT (RangeSet)': 382227818, 'CONN_MGMT (congestion control)': 1845825324, 'PACKET_IO (IP find next hop)': 293983359, 'CONN_MGMT (parse packet)': 299637792, 'CRYPTO (25519)': 369610, 'CONN_MGMT (build_packet)': 4574796422, 'CRYPTO (decrypt)': 227228295, 'CRYPTO (encrypt)': 826489915, 'PACKET_IO (read)': 1114532210, 'IO (read)': 3647820263}}",0,0,9250746018,42312293,6626627,441880,0,0,42312565,9250746290,441881,6626628,6625567,0,1057,441877,1057,0,441877,0,0,6626624,0,0,27.322875629
/srv/quic-10g/results/perf/goracle/optimized/run1,goracle-gard,quiche,quiche,none,8,2515.669487127523,"[95.0, 101.0, 99.0, 101.0, 100.0, 100.0, 99.0, 100.0, 101.0, 98.02, 100.0, 100.0, 101.0, 100.0, 100.0, 99.0, 100.0, 100.0, 100.0, 101.0, 99.0, 100.0, 101.0, 99.0, 101.0]",99.8008,"[83.0, 84.0, 84.0, 83.0, 84.0, 84.0, 83.0, 84.0, 84.0, 84.0, 84.0, 85.0, 81.0, 84.0, 85.0, 84.0, 84.0, 83.0, 84.0, 84.0, 85.0]",83.80952380952381,"{'SUM_SAMPLES': 85508280029, 'SUM_SAMPLES_QUIC': 68164461846, 'OVERVIEW': {'GENERAL': 24181223693, 'CONN_MGMT': 11147816407, 'CRYPTO': 20182843607, 'IO': 4784588449, 'PACKET_IO': 7867989690}, 'DETAILED': {'GENERAL (UNMATCHED)': 24181223693, 'CONN_MGMT (btree)': 1728194550, 'CRYPTO': 4006757416, 'CRYPTO (AEAD)': 2119586116, 'CRYPTO (AES)': 12367757926, 'CONN_MGMT (quiche::Connection)': 207465813, 'CONN_MGMT': 1675946268, 'IO (file)': 2699234329, 'CONN_MGMT (stream handling)': 3004440927, 'CONN_MGMT (connection)': 920166157, 'CONN_MGMT (parse_packet)': 2074346181, 'CONN_MGMT (RangeSet)': 668117895, 'PACKET_IO (recvfrom)': 3006909112, 'CONN_MGMT (parse packet)': 81146267, 'CONN_MGMT (build_packet)': 637845639, 'CRYPTO (decrypt)': 1627295880, 'IO (epoll)': 2070662634, 'PACKET_IO (sendto)': 3948931052, 'PACKET_IO (IP find next hop)': 81008204, 'PACKET_IO (send)': 831141322, 'IO (write)': 14691486, 'CONN_MGMT (congestion control)': 150146710, 'CRYPTO (25519)': 644469, 'CRYPTO (encrypt)': 60801800}}","{'SUM_SAMPLES': 97124291871, 'SUM_SAMPLES_QUIC': 94348057759, 'OVERVIEW': {'CONN_MGMT': 16947423077, 'GENERAL': 21162418636, 'IO': 4773044369, 'CRYPTO': 14270562026, 'PACKET_IO': 37194609651}, 'DETAILED': {'CONN_MGMT (btree)': 2860643104, 'GENERAL (UNMATCHED)': 21162418636, 'IO (epoll)': 1163767109, 'CRYPTO': 2062049937, 'CRYPTO (AEAD)': 3377710449, 'CRYPTO (AES)': 7823814284, 'CONN_MGMT (quiche::Connection)': 564478365, 'CONN_MGMT': 947944967, 'PACKET_IO (send)': 3706035355, 'PACKET_IO (recvfrom)': 1188673658, 'PACKET_IO (sendto)': 30851823505, 'CONN_MGMT (stream handling)': 4007985360, 'CONN_MGMT (parse_packet)': 431458550, 'CONN_MGMT (RangeSet)': 404236955, 'CONN_MGMT (congestion control)': 1816407830, 'CONN_MGMT (connection)': 992344852, 'CONN_MGMT (parse packet)': 342137062, 'PACKET_IO (IP find next hop)': 323182368, 'CONN_MGMT (build_packet)': 4579786032, 'CRYPTO (decrypt)': 213148375, 'CRYPTO (encrypt)': 792420548, 'PACKET_IO (read)': 1124894765, 'IO (read)': 3609277260, 'CRYPTO (25519)': 1418433}}",0,0,9250684053,43257387,6626583,451720,0,0,43257387,9250684053,451720,6626583,6625708,0,871,451716,871,0,451716,0,0,6626579,0,0,27.316575696
/srv/quic-10g/results/perf/goracle/optimized/run1,goracle-gard,quiche,quiche,none,9,2619.9543424491685,"[101.0, 100.0, 99.0, 101.0, 100.0, 100.0, 100.0, 99.0, 101.0, 99.0, 100.0, 101.0, 99.0, 100.0, 100.0, 100.0, 100.0, 101.0, 99.0, 101.0, 99.0, 100.0, 100.0]",100.0,"[83.0, 85.0, 82.0, 85.0, 84.0, 84.0, 86.0, 84.0, 85.0, 84.0, 85.0, 84.0, 85.0, 84.0, 85.0, 85.0, 85.0, 84.0, 86.0, 85.0]",84.5,"{'SUM_SAMPLES': 80286088682, 'SUM_SAMPLES_QUIC': 65499527888, 'OVERVIEW': {'GENERAL': 23485799594, 'CONN_MGMT': 11180137611, 'CRYPTO': 20689336416, 'IO': 4197338469, 'PACKET_IO': 5946915798}, 'DETAILED': {'GENERAL (UNMATCHED)': 23485799594, 'CONN_MGMT (btree)': 1736735195, 'CONN_MGMT': 1823272752, 'CRYPTO': 4379364500, 'CRYPTO (AEAD)': 2092670186, 'CRYPTO (AES)': 12519194952, 'CONN_MGMT (quiche::Connection)': 238642229, 'IO (file)': 2642533261, 'CONN_MGMT (stream handling)': 2867782370, 'PACKET_IO (recvfrom)': 2341137158, 'CONN_MGMT (parse_packet)': 2023756760, 'CONN_MGMT (connection)': 900867551, 'CONN_MGMT (RangeSet)': 644926498, 'CONN_MGMT (parse packet)': 118412046, 'CONN_MGMT (build_packet)': 678919217, 'CRYPTO (decrypt)': 1626800901, 'CRYPTO (encrypt)': 71305877, 'IO (epoll)': 1546498699, 'PACKET_IO (sendto)': 3033351666, 'PACKET_IO (IP find next hop)': 71321327, 'PACKET_IO (send)': 501105647, 'IO (write)': 8306509, 'CONN_MGMT (congestion control)': 146822993}}","{'SUM_SAMPLES': 92605490754, 'SUM_SAMPLES_QUIC': 90557556921, 'OVERVIEW': {'CONN_MGMT': 17201093886, 'GENERAL': 20513899383, 'IO': 4444775731, 'CRYPTO': 13743603669, 'PACKET_IO': 34654184252}, 'DETAILED': {'CONN_MGMT (btree)': 2935332741, 'GENERAL (UNMATCHED)': 20513899383, 'IO (epoll)': 784966437, 'CRYPTO': 2270736061, 'CRYPTO (AEAD)': 3016557275, 'CRYPTO (AES)': 7531533264, 'CONN_MGMT (quiche::Connection)': 603696669, 'CONN_MGMT': 921466022, 'PACKET_IO (send)': 3305087243, 'PACKET_IO (recvfrom)': 577501608, 'PACKET_IO (sendto)': 29367851949, 'CONN_MGMT (connection)': 917566037, 'CONN_MGMT (parse_packet)': 456926026, 'CONN_MGMT (RangeSet)': 418563980, 'CONN_MGMT (stream handling)': 4311514535, 'CONN_MGMT (congestion control)': 1853741653, 'PACKET_IO (IP find next hop)': 306389499, 'CONN_MGMT (parse packet)': 293408035, 'CONN_MGMT (build_packet)': 4488878188, 'CRYPTO (decrypt)': 167515588, 'CRYPTO (encrypt)': 757082385, 'PACKET_IO (read)': 1097353953, 'IO (read)': 3659809294, 'CRYPTO (25519)': 179096}}",0,0,9251437396,44393643,6627122,463553,0,0,44393371,9251437124,463552,6627121,6625874,0,1244,463549,1244,0,463549,0,0,6627118,0,0,26.22926536
/srv/quic-10g/results/perf/goracle/optimized/run1,goracle-gard,quiche,quiche,none,10,2573.5961308578735,"[95.0, 100.0, 100.0, 100.0, 99.0, 101.0, 100.0, 100.0, 100.0, 100.0, 100.0, 100.0, 99.01, 100.0, 101.0, 99.0, 100.0, 100.0, 100.0, 101.0, 99.0, 100.0, 100.0, 101.0]",99.79208333333334,"[83.0, 82.0, 83.0, 82.0, 83.0, 83.0, 82.0, 84.0, 84.0, 84.0, 84.0, 84.0, 84.0, 84.0, 84.0, 84.0, 84.0, 84.0, 85.0, 84.0]",83.55,"{'SUM_SAMPLES': 80246978255, 'SUM_SAMPLES_QUIC': 67955330643, 'OVERVIEW': {'GENERAL': 26054350387, 'CONN_MGMT': 11197767653, 'CRYPTO': 19956586009, 'IO': 4613032679, 'PACKET_IO': 6133593915}, 'DETAILED': {'GENERAL (UNMATCHED)': 26054350387, 'CONN_MGMT (btree)': 1749858387, 'CONN_MGMT': 1680208034, 'CRYPTO': 3915924084, 'CRYPTO (AEAD)': 2155175062, 'CRYPTO (AES)': 12219518028, 'CONN_MGMT (quiche::Connection)': 178113844, 'IO (file)': 3205544820, 'CONN_MGMT (stream handling)': 2954618562, 'PACKET_IO (recvfrom)': 2674540487, 'CONN_MGMT (connection)': 995138120, 'CONN_MGMT (parse_packet)': 2086583955, 'CONN_MGMT (parse packet)': 93681084, 'CONN_MGMT (build_packet)': 662790037, 'CRYPTO (decrypt)': 1576316426, 'CONN_MGMT (RangeSet)': 682050276, 'CONN_MGMT (congestion control)': 114725354, 'IO (epoll)': 1394627196, 'PACKET_IO (sendto)': 2948569416, 'PACKET_IO (IP find next hop)': 53234158, 'PACKET_IO (send)': 457249854, 'IO (write)': 12860663, 'CRYPTO (25519)': 639553, 'CRYPTO (encrypt)': 89012856}}","{'SUM_SAMPLES': 96379044764, 'SUM_SAMPLES_QUIC': 91821952856, 'OVERVIEW': {'CONN_MGMT': 16641945777, 'GENERAL': 20223249474, 'CRYPTO': 14801425748, 'IO': 4725847963, 'PACKET_IO': 35429483894}, 'DETAILED': {'CONN_MGMT (btree)': 2715170220, 'GENERAL (UNMATCHED)': 20223249474, 'CRYPTO': 1856753262, 'CRYPTO (AEAD)': 3576512250, 'CRYPTO (AES)': 8323811507, 'CONN_MGMT (quiche::Connection)': 532497106, 'IO (epoll)': 1021995509, 'CONN_MGMT': 927200650, 'PACKET_IO (send)': 3480863977, 'PACKET_IO (recvfrom)': 669084199, 'CONN_MGMT (parse_packet)': 447015036, 'CONN_MGMT (stream handling)': 4089936171, 'CONN_MGMT (connection)': 846524642, 'CONN_MGMT (RangeSet)': 427359507, 'CONN_MGMT (congestion control)': 1793869537, 'CRYPTO (decrypt)': 243973144, 'PACKET_IO (sendto)': 29976703557, 'PACKET_IO (IP find next hop)': 282945482, 'CONN_MGMT (parse packet)': 293213942, 'CONN_MGMT (build_packet)': 4569158966, 'CRYPTO (encrypt)': 800194053, 'PACKET_IO (read)': 1019886679, 'IO (read)': 3703852454, 'CRYPTO (25519)': 181532}}",0,0,9247270545,42611870,6624135,445001,0,0,42612142,9247270817,445002,6624136,6623277,0,855,444998,855,0,444998,0,0,6624132,0,0,26.701732031
/srv/quic-10g/results/perf/goracle/optimized/lsquic-quiche,goracle-gard,lsquic,quiche,none,1,2597.1909056052623,"[70.0, 73.0, 73.0, 73.0, 74.0, 100.0, 99.0, 99.0, 101.0, 100.0, 99.0, 101.0, 100.0, 100.0, 99.0, 100.0, 100.0, 100.0, 99.0, 100.0, 100.0, 100.0, 100.0, 100.0]",94.16666666666667,[],,"{'SUM_SAMPLES': 96831259488, 'SUM_SAMPLES_QUIC': 67293816665, 'OVERVIEW': {'GENERAL': 47248802128, 'CRYPTO': 16958279447, 'PACKET_IO': 5900842, 'IO': 3080834248}, 'DETAILED': {'GENERAL (UNMATCHED)': 47248802128, 'CRYPTO (AEAD)': 2690575765, 'CRYPTO (AES)': 14267703682, 'PACKET_IO (IP find next hop)': 5900842, 'IO (file)': 2963155633, 'IO (epoll)': 117678615}}","{'SUM_SAMPLES': 82847068476, 'SUM_SAMPLES_QUIC': 78262428978, 'OVERVIEW': {'GENERAL': 6205346140, 'CRYPTO': 11047413121, 'IO': 853134396, 'CONN_MGMT': 7247312937, 'PACKET_IO': 52909222384}, 'DETAILED': {'GENERAL (UNMATCHED)': 5820337138, 'CRYPTO (AEAD)': 5239294461, 'CRYPTO (RSA)': 6749337, 'IO (epoll)': 7566546, 'CONN_MGMT': 5460659922, 'GENERAL (read_handler)': 357165446, 'PACKET_IO (recvmsg)': 161720581, 'PACKET_IO (sendmsg)': 44649006421, 'CRYPTO (AES)': 4340575683, 'CRYPTO (HP apply)': 457255557, 'CRYPTO (decrypt packet)': 8958253, 'GENERAL (process incoming packet)': 27843556, 'CONN_MGMT (process packet)': 15031208, 'CRYPTO (HP strip)': 6424381, 'CONN_MGMT (parse packet)': 26745440, 'CRYPTO (X25519)': 1502725, 'CONN_MGMT (build ack)': 4713844, 'CONN_MGMT (process incoming ack)': 1281839710, 'PACKET_IO (write to stream)': 6150674956, 'IO (read)': 843755350, 'CRYPTO (encrypt packet)': 986652724, 'PACKET_IO (send_packets_out)': 1419371162, 'PACKET_IO (IP find next hop)': 514989595, 'CONN_MGMT (sport_packets_out)': 458322813, 'PACKET_IO (read one packet)': 13459669, 'IO': 1812500}}",449,0,9216213130,3387099,6602883,40363,0,0,3387371,9216213402,40364,6602884,6602341,0,90,39968,90,0,39968,0,0,6602880,0,2,26.459155746
/srv/quic-10g/results/perf/goracle/optimized/lsquic-quiche,goracle-gard,lsquic,quiche,none,2,1401.6156381682915,"[70.0, 75.0, 73.0, 73.0, 73.0, 74.0, 70.0, 74.0, 72.0, 73.0, 73.0, 73.0, 71.0, 72.0, 73.0, 71.0, 73.0, 72.0, 73.0, 72.0, 72.0, 73.0, 72.0, 72.0, 72.0, 72.0, 74.0, 72.0, 72.0, 72.0, 73.0, 72.0, 72.0, 73.0, 72.0, 72.0, 73.0, 72.0, 73.0, 73.0, 72.0, 73.0, 73.0, 72.0, 72.0, 72.0]",72.43478260869566,[],,"{'SUM_SAMPLES': 80178305686, 'SUM_SAMPLES_QUIC': 51464345393, 'OVERVIEW': {'GENERAL': 36794845915, 'CRYPTO': 12658119767, 'IO': 2009944576, 'PACKET_IO': 1435135}, 'DETAILED': {'GENERAL (UNMATCHED)': 36794845915, 'CRYPTO (AEAD)': 3531447878, 'CRYPTO (AES)': 9126671889, 'IO (write)': 1474966, 'IO (file)': 1969306700, 'PACKET_IO (IP find next hop)': 1435135, 'IO (epoll)': 39162910}}","{'SUM_SAMPLES': 83740318445, 'SUM_SAMPLES_QUIC': 70453813734, 'OVERVIEW': {'GENERAL': 5587336637, 'CRYPTO': 10949256926, 'IO': 1370764709, 'CONN_MGMT': 7124945415, 'PACKET_IO': 45421510047}, 'DETAILED': {'GENERAL (UNMATCHED)': 5136405846, 'CRYPTO (AEAD)': 5248655507, 'CRYPTO (RSA)': 6307572, 'IO (epoll)': 67161749, 'IO': 1006306, 'CONN_MGMT': 5394606497, 'PACKET_IO (write to stream)': 7093501697, 'PACKET_IO (sendmsg)': 36284989533, 'CRYPTO (AES)': 4370591726, 'CRYPTO (HP apply)': 696645491, 'PACKET_IO (read from stream)': 4312801, 'PACKET_IO (send_packets_out)': 1440938011, 'CRYPTO (encrypt packet)': 623444084, 'PACKET_IO (IP find next hop)': 567754062, 'GENERAL (read_handler)': 445862742, 'PACKET_IO (recvmsg)': 27970802, 'GENERAL (process incoming packet)': 5068049, 'PACKET_IO (read one packet)': 2043141, 'CONN_MGMT (process packet)': 3050591, 'CRYPTO (HP strip)': 1961645, 'CONN_MGMT (parse packet)': 9658508, 'CRYPTO (X25519)': 1650901, 'CONN_MGMT (build ack)': 9034627, 'CONN_MGMT (process incoming ack)': 1118021718, 'IO (read)': 1302596654, 'CONN_MGMT (sport_packets_out)': 590573474}}",0,0,9215841145,479632,6606104,4783,0,0,479360,9215840873,4782,6606103,6606098,0,0,4767,0,0,4766,0,0,6606097,0,1,49.028759202
/srv/quic-10g/results/perf/goracle/optimized/lsquic-quiche,goracle-gard,lsquic,quiche,none,3,1305.5674103574956,"[71.0, 69.0, 71.0, 70.0, 69.0, 69.0, 70.0, 69.0, 70.0, 70.0, 69.0, 70.0, 68.32, 70.0, 69.0, 70.0, 70.0, 69.0, 68.0, 69.0, 70.0, 68.0, 69.0, 69.0, 69.0, 69.0, 68.0, 69.0, 68.0, 70.0, 69.0, 68.0, 70.0, 68.0, 69.0, 69.0, 69.0, 69.0, 68.0, 69.0, 68.0, 70.0, 69.0, 69.0, 70.0, 69.0, 69.0, 68.0, 69.0]",69.14938775510204,[],,"{'SUM_SAMPLES': 81544120292, 'SUM_SAMPLES_QUIC': 51784848086, 'OVERVIEW': {'GENERAL': 37251151583, 'CRYPTO': 12499627067, 'IO': 2033320099, 'PACKET_IO': 749337}, 'DETAILED': {'GENERAL (UNMATCHED)': 37251151583, 'CRYPTO (AEAD)': 3576478601, 'CRYPTO (AES)': 8922467818, 'IO (file)': 1952785687, 'PACKET_IO (IP find next hop)': 749337, 'IO (epoll)': 80534412, 'CRYPTO (X25519)': 680648}}","{'SUM_SAMPLES': 83383858216, 'SUM_SAMPLES_QUIC': 71854999059, 'OVERVIEW': {'GENERAL': 5884515480, 'CRYPTO': 10989494146, 'IO': 1340066587, 'CONN_MGMT': 7355107090, 'PACKET_IO': 46285815756}, 'DETAILED': {'GENERAL (UNMATCHED)': 5337488218, 'CRYPTO (AEAD)': 5187125875, 'CRYPTO (RSA)': 5955346, 'IO (epoll)': 137470823, 'CONN_MGMT': 5660758168, 'PACKET_IO (write to stream)': 7053862394, 'PACKET_IO (recvmsg)': 48066615, 'PACKET_IO (sendmsg)': 36979904441, 'CRYPTO (AES)': 4525171652, 'CRYPTO (HP apply)': 642576021, 'CONN_MGMT (parse packet)': 8925410, 'PACKET_IO (read from stream)': 5661264, 'CRYPTO (encrypt packet)': 621599449, 'PACKET_IO (send_packets_out)': 1484540813, 'CONN_MGMT (sport_packets_out)': 483734119, 'PACKET_IO (IP find next hop)': 703391279, 'GENERAL (read_handler)': 530328149, 'GENERAL (process incoming packet)': 16699113, 'PACKET_IO (read one packet)': 10388950, 'CONN_MGMT (process packet)': 7535520, 'CRYPTO (decrypt packet)': 4782450, 'CRYPTO (HP strip)': 977755, 'CRYPTO (X25519)': 1305598, 'CONN_MGMT (build ack)': 12375049, 'CONN_MGMT (process incoming ack)': 1181778824, 'IO (read)': 1200686654, 'IO': 1909110}}",0,0,9216266889,853196,6610119,8339,0,0,853468,9216267161,8340,6610120,6610113,0,0,8333,0,0,8333,0,0,6610113,0,0,52.635717845
/srv/quic-10g/results/perf/goracle/optimized/lsquic-quiche,goracle-gard,lsquic,quiche,none,4,1297.9460420909804,"[73.0, 74.0, 72.0, 73.0, 72.0, 72.0, 73.0, 72.0, 72.0, 73.0, 72.0, 73.0, 73.0, 71.0, 73.0, 72.0, 73.0, 75.0, 74.0, 76.0, 73.0, 74.26, 75.0, 74.0, 74.0, 75.0, 75.0, 73.0, 75.0, 75.0, 73.0, 75.0, 75.0, 74.0, 74.0, 75.0, 73.0, 75.0, 75.0, 74.0, 74.0, 75.0, 74.0, 76.0, 75.0, 74.0, 75.0, 74.0, 74.0, 74.0]",73.7852,[],,"{'SUM_SAMPLES': 78541800533, 'SUM_SAMPLES_QUIC': 50109913044, 'OVERVIEW': {'GENERAL': 34369259693, 'CRYPTO': 13779818840, 'IO': 1960834511}, 'DETAILED': {'GENERAL (UNMATCHED)': 34369259693, 'CRYPTO (AEAD)': 2706439434, 'CRYPTO (AES)': 11073379406, 'IO (file)': 1886172776, 'IO (epoll)': 73916027, 'IO (write)': 745708}}","{'SUM_SAMPLES': 83669086175, 'SUM_SAMPLES_QUIC': 69984253052, 'OVERVIEW': {'GENERAL': 7206361701, 'CRYPTO': 10725163538, 'IO': 682532277, 'CONN_MGMT': 7580741253, 'PACKET_IO': 43789454283}, 'DETAILED': {'GENERAL (UNMATCHED)': 6884594618, 'CRYPTO (AEAD)': 4916301714, 'IO': 1136616, 'CRYPTO (RSA)': 5761951, 'IO (epoll)': 138133117, 'CONN_MGMT': 5969599542, 'PACKET_IO (read from stream)': 10637477, 'PACKET_IO (write to stream)': 6337024737, 'PACKET_IO (recvmsg)': 61175297, 'PACKET_IO (sendmsg)': 35753488134, 'CRYPTO (AES)': 4217736024, 'CRYPTO (HP apply)': 798200787, 'PACKET_IO (send_packets_out)': 1358551183, 'CRYPTO (encrypt packet)': 775001854, 'PACKET_IO (IP find next hop)': 265262403, 'CONN_MGMT (sport_packets_out)': 446681718, 'GENERAL (read_handler)': 296976710, 'GENERAL (process incoming packet)': 24790373, 'CONN_MGMT (process packet)': 5250594, 'CRYPTO (decrypt packet)': 7613021, 'CRYPTO (HP strip)': 2690321, 'CONN_MGMT (parse packet)': 15973357, 'CRYPTO (X25519)': 1857866, 'CONN_MGMT (build ack)': 14823982, 'CONN_MGMT (process incoming ack)': 1128412060, 'IO (read)': 543262544, 'PACKET_IO (read one packet)': 3315052}}",0,0,9216269864,1357326,6610152,14388,0,0,1357326,9216269864,14388,6610152,6610145,0,0,14381,0,0,14381,0,0,6610145,0,0,52.944787262
/srv/quic-10g/results/perf/goracle/optimized/lsquic-quiche,goracle-gard,lsquic,quiche,none,5,1397.564934763706,"[74.0, 73.0, 73.0, 73.0, 74.0, 73.0, 72.0, 73.0, 73.0, 73.0, 73.0, 73.0, 73.0, 73.0, 73.0, 74.0, 73.0, 73.0, 73.0, 72.0, 74.0, 73.0, 72.0, 74.0, 73.0, 72.28, 72.0, 74.0, 73.0, 73.0, 73.0, 73.0, 73.0, 72.0, 73.0, 73.0, 73.0, 73.0, 72.0, 74.0, 72.0, 73.0, 73.0, 73.0, 74.0, 73.0]",73.00608695652173,[],,"{'SUM_SAMPLES': 80466709392, 'SUM_SAMPLES_QUIC': 51582968754, 'OVERVIEW': {'GENERAL': 36427159529, 'CRYPTO': 13184721189, 'IO': 1970356722, 'PACKET_IO': 731314}, 'DETAILED': {'GENERAL (UNMATCHED)': 36427159529, 'CRYPTO (AEAD)': 1895126687, 'CRYPTO (AES)': 11289594502, 'IO (write)': 3648432, 'IO (file)': 1933430506, 'IO (epoll)': 33277784, 'PACKET_IO (IP find next hop)': 731314}}","{'SUM_SAMPLES': 77980974396, 'SUM_SAMPLES_QUIC': 70842686448, 'OVERVIEW': {'GENERAL': 7066738452, 'CRYPTO': 10632535698, 'IO': 643814957, 'CONN_MGMT': 7461240223, 'PACKET_IO': 45038357118}, 'DETAILED': {'GENERAL (UNMATCHED)': 6757341648, 'CRYPTO (AEAD)': 4835356056, 'CRYPTO (RSA)': 6574914, 'IO (epoll)': 55946739, 'CONN_MGMT': 5792445357, 'PACKET_IO (sendmsg)': 37147831011, 'CRYPTO (AES)': 4359539497, 'CRYPTO (HP apply)': 736945836, 'PACKET_IO (read from stream)': 1992892, 'PACKET_IO (write to stream)': 6279554289, 'PACKET_IO (send_packets_out)': 1288573076, 'CRYPTO (encrypt packet)': 686519619, 'PACKET_IO (IP find next hop)': 287705279, 'CONN_MGMT (sport_packets_out)': 473537435, 'PACKET_IO (recvmsg)': 26805044, 'GENERAL (read_handler)': 299506511, 'GENERAL (process incoming packet)': 9890293, 'PACKET_IO (read one packet)': 5895527, 'CONN_MGMT (process packet)': 4001921, 'CRYPTO (decrypt packet)': 3936524, 'CRYPTO (HP strip)': 2066349, 'CONN_MGMT (parse packet)': 7369535, 'CRYPTO (X25519)': 1596903, 'CONN_MGMT (build ack)': 2054290, 'CONN_MGMT (process incoming ack)': 1181831685, 'IO (read)': 587868218}}",0,0,9215835645,425654,6606044,4138,0,0,425382,9215835373,4137,6606043,6606038,0,0,4132,0,0,4133,0,0,6606038,0,0,49.170865209
/srv/quic-10g/results/perf/goracle/optimized/lsquic-quiche,goracle-gard,lsquic,quiche,none,6,987.2878074486778,"[71.0, 71.0, 70.0, 70.0, 71.0, 70.0, 70.0, 71.0, 69.0, 70.0, 70.0, 70.0, 70.0, 70.0, 70.0, 69.0, 70.0, 71.0, 70.0, 70.0, 69.0, 70.0, 70.0, 69.0, 70.0, 69.0, 69.0, 70.0, 69.31, 69.0, 69.0, 70.0, 69.0, 70.0, 68.0, 70.0, 70.0, 69.0, 69.0, 70.0, 69.0, 70.0, 69.0, 70.0, 70.0, 70.0, 70.0, 69.0, 69.0, 71.0, 69.0, 70.0, 69.0, 69.0, 69.0, 70.0, 69.0, 69.0, 70.0, 70.0, 68.0, 70.0, 69.0, 70.0, 69.0, 69.0, 69.0]",69.64641791044775,[],,"{'SUM_SAMPLES': 69347512831, 'SUM_SAMPLES_QUIC': 66309937854, 'OVERVIEW': {'GENERAL': 43182566624, 'PACKET_IO': 4818638831, 'CRYPTO': 16362456370, 'IO': 1946276029}, 'DETAILED': {'GENERAL (UNMATCHED)': 43182566624, 'PACKET_IO (asm_common_interrupt)': 4817233039, 'CRYPTO (AEAD)': 3003763354, 'CRYPTO (AES)': 13358693016, 'IO (write)': 3484044, 'IO (file)': 1853278317, 'IO (epoll)': 89513668, 'PACKET_IO (IP find next hop)': 1405792}}","{'SUM_SAMPLES': 82372367602, 'SUM_SAMPLES_QUIC': 67982905151, 'OVERVIEW': {'GENERAL': 7820402235, 'CRYPTO': 10588600656, 'IO': 519791890, 'CONN_MGMT': 7685564322, 'PACKET_IO': 41368546048}, 'DETAILED': {'GENERAL (UNMATCHED)': 7530487208, 'CRYPTO (AEAD)': 5573398164, 'CRYPTO (RSA)': 5922443, 'IO (epoll)': 122297414, 'CONN_MGMT': 6060980262, 'PACKET_IO (write to stream)': 5936207006, 'GENERAL (read_handler)': 272368003, 'PACKET_IO (sendmsg)': 33764153523, 'CRYPTO (AES)': 3377301417, 'CRYPTO (HP apply)': 746623735, 'PACKET_IO (send_packets_out)': 1297254911, 'PACKET_IO (read from stream)': 7813027, 'CRYPTO (encrypt packet)': 879448444, 'PACKET_IO (IP find next hop)': 319910800, 'CONN_MGMT (sport_packets_out)': 390504081, 'PACKET_IO (recvmsg)': 40537606, 'GENERAL (process incoming packet)': 17547024, 'CONN_MGMT (process packet)': 2761614, 'CRYPTO (decrypt packet)': 2838752, 'CRYPTO (HP strip)': 703659, 'CONN_MGMT (parse packet)': 9135659, 'CRYPTO (X25519)': 2364042, 'PACKET_IO (read one packet)': 2669175, 'CONN_MGMT (build ack)': 17627570, 'CONN_MGMT (process incoming ack)': 1204555136, 'IO (read)': 394065674, 'IO (file)': 2023492, 'IO': 1405310}}",0,0,9216270095,851599,6610155,8315,0,0,851599,9216270095,8315,6610155,6610153,0,0,8307,0,0,8313,0,0,6610147,0,0,69.604300505
/srv/quic-10g/results/perf/goracle/optimized/lsquic-quiche,goracle-gard,lsquic,quiche,none,7,1544.489959457729,"[68.0, 63.0, 63.0, 63.0, 62.0, 63.0, 63.0, 62.0, 62.0, 63.0, 62.0, 63.0, 62.0, 62.0, 62.0, 63.0, 63.0, 62.0, 62.0, 63.0, 63.0, 68.0, 69.0, 68.0, 68.0, 68.0, 69.0, 67.0, 69.0, 68.0, 69.0, 67.0, 69.0, 69.0, 68.0, 68.0, 67.33, 69.0, 68.0, 68.0, 68.0]",65.4470731707317,[],,"{'SUM_SAMPLES': 83403121231, 'SUM_SAMPLES_QUIC': 53888279878, 'OVERVIEW': {'GENERAL': 36770688307, 'CRYPTO': 14972694264, 'IO': 2142645262, 'PACKET_IO': 2252045}, 'DETAILED': {'GENERAL (UNMATCHED)': 36770688307, 'CRYPTO (AEAD)': 2418868700, 'CRYPTO (AES)': 12553825564, 'IO (file)': 2072244778, 'PACKET_IO (IP find next hop)': 2252045, 'IO (epoll)': 70400484}}","{'SUM_SAMPLES': 86379702174, 'SUM_SAMPLES_QUIC': 75048339469, 'OVERVIEW': {'GENERAL': 6050376830, 'CRYPTO': 11172708613, 'IO': 1105771115, 'CONN_MGMT': 7100485617, 'PACKET_IO': 49618997294}, 'DETAILED': {'GENERAL (UNMATCHED)': 5693157674, 'CRYPTO (AEAD)': 5247734276, 'CRYPTO (RSA)': 7075523, 'IO (epoll)': 110444160, 'CONN_MGMT': 5711628597, 'PACKET_IO (send_packets_out)': 1461758715, 'PACKET_IO (sendmsg)': 41369745254, 'CRYPTO (AES)': 4603069434, 'CRYPTO (HP apply)': 514438834, 'PACKET_IO (read from stream)': 9800196, 'CRYPTO (encrypt packet)': 790630251, 'PACKET_IO (IP find next hop)': 498408493, 'CONN_MGMT (sport_packets_out)': 524937214, 'PACKET_IO (recvmsg)': 33312148, 'GENERAL (read_handler)': 343853123, 'GENERAL (process incoming packet)': 13366033, 'CONN_MGMT (process packet)': 3960926, 'CRYPTO (decrypt packet)': 8422443, 'CONN_MGMT (parse packet)': 13151550, 'CRYPTO (X25519)': 1337852, 'CONN_MGMT (build ack)': 11533855, 'CONN_MGMT (process incoming ack)': 835273475, 'PACKET_IO (write to stream)': 6240229546, 'IO (read)': 993784301, 'PACKET_IO (read one packet)': 5742942, 'IO': 1542654}}",0,0,9216250742,869075,6609929,8549,0,0,869075,9216250742,8549,6609929,6609923,0,0,8543,0,0,8543,0,0,6609923,0,0,44.493314162
/srv/quic-10g/results/perf/goracle/optimized/lsquic-quiche,goracle-gard,lsquic,quiche,none,8,1381.4962553868863,"[74.0, 72.0, 74.0, 73.0, 73.0, 73.0, 72.28, 72.0, 73.0, 73.0, 72.0, 74.0, 71.0, 73.0, 73.0, 72.0, 73.0, 73.0, 73.0, 72.0, 72.0, 72.0, 73.0, 70.0, 72.0, 72.0, 71.0, 72.0, 71.0, 72.0, 72.0, 72.0, 70.0, 72.0, 72.0, 71.0, 73.0, 72.0, 71.0, 71.0, 72.0, 73.0, 73.0, 72.0, 73.0, 73.0, 71.0]",72.24,[],,"{'SUM_SAMPLES': 82898541256, 'SUM_SAMPLES_QUIC': 52396924499, 'OVERVIEW': {'GENERAL': 38229494321, 'CRYPTO': 12148140310, 'IO': 2019289868}, 'DETAILED': {'GENERAL (UNMATCHED)': 38229494321, 'CRYPTO (AEAD)': 3208219888, 'CRYPTO (AES)': 8939241776, 'IO (file)': 1981253721, 'IO (write)': 2209895, 'IO (epoll)': 35826252, 'CRYPTO (X25519)': 678646}}","{'SUM_SAMPLES': 81740161749, 'SUM_SAMPLES_QUIC': 70985508944, 'OVERVIEW': {'GENERAL': 5603365676, 'CRYPTO': 11130635648, 'IO': 1186490226, 'CONN_MGMT': 7368324166, 'PACKET_IO': 45696693228}, 'DETAILED': {'GENERAL (UNMATCHED)': 5156686834, 'CRYPTO (AEAD)': 5238905801, 'CRYPTO (RSA)': 7657498, 'IO (epoll)': 44983303, 'CONN_MGMT': 5609731609, 'PACKET_IO (write to stream)': 7066514956, 'PACKET_IO (sendmsg)': 36568568520, 'CRYPTO (AES)': 4598162763, 'CRYPTO (HP apply)': 638988628, 'PACKET_IO (read from stream)': 4091696, 'CRYPTO (encrypt packet)': 640094999, 'PACKET_IO (send_packets_out)': 1454363401, 'CONN_MGMT (sport_packets_out)': 561857226, 'PACKET_IO (IP find next hop)': 582025752, 'GENERAL (read_handler)': 432852423, 'PACKET_IO (recvmsg)': 18110521, 'GENERAL (process incoming packet)': 13826419, 'CONN_MGMT (process packet)': 6051976, 'CRYPTO (decrypt packet)': 5025853, 'CONN_MGMT (parse packet)': 16039947, 'CRYPTO (X25519)': 1800106, 'PACKET_IO (read one packet)': 3018382, 'CONN_MGMT (build ack)': 12050735, 'CONN_MGMT (process incoming ack)': 1162592673, 'IO (read)': 1141506923}}",0,0,9215836015,425636,6606048,4138,0,0,425364,9215835743,4137,6606047,6606049,0,0,4133,0,0,4133,0,0,6606043,0,0,49.742789527
/srv/quic-10g/results/perf/goracle/optimized/lsquic-quiche,goracle-gard,lsquic,quiche,none,9,1407.3171533771117,"[68.0, 68.0, 69.0, 69.0, 67.0, 73.0, 76.0, 74.0, 75.0, 75.0, 75.0, 75.0, 75.0, 75.0, 75.0, 75.0, 74.0, 76.0, 75.0, 74.0, 76.0, 73.27, 76.0, 75.0, 75.0, 75.0, 75.0, 76.0, 75.0, 75.0, 75.0, 75.0, 75.0, 75.0, 76.0, 74.0, 75.0, 75.0, 75.0, 75.0, 75.0, 75.0, 75.0, 75.0, 75.0, 75.0]",74.22326086956522,[],,"{'SUM_SAMPLES': 72231691263, 'SUM_SAMPLES_QUIC': 46484481399, 'OVERVIEW': {'GENERAL': 31443190256, 'CRYPTO': 13117822255, 'IO': 1918701242, 'PACKET_IO': 4767646}, 'DETAILED': {'GENERAL (UNMATCHED)': 31443190256, 'CRYPTO (AEAD)': 2395976737, 'CRYPTO (AES)': 10721845518, 'IO (file)': 1842953534, 'IO (write)': 2764935, 'IO (epoll)': 72982773, 'PACKET_IO (IP find next hop)': 4767646}}","{'SUM_SAMPLES': 85947093741, 'SUM_SAMPLES_QUIC': 71303555269, 'OVERVIEW': {'GENERAL': 5781093486, 'CRYPTO': 10841953501, 'IO': 1419817327, 'CONN_MGMT': 7391991830, 'PACKET_IO': 45868699125}, 'DETAILED': {'GENERAL (UNMATCHED)': 5294103516, 'CRYPTO (AEAD)': 5150513395, 'CRYPTO (encrypt packet)': 552821871, 'CRYPTO (RSA)': 5725345, 'IO (epoll)': 134737533, 'IO': 1836103, 'CONN_MGMT': 5672298628, 'PACKET_IO (write to stream)': 7057545321, 'PACKET_IO (recvmsg)': 80519344, 'PACKET_IO (sendmsg)': 36568565206, 'CRYPTO (AES)': 4468306154, 'CRYPTO (HP apply)': 650636662, 'PACKET_IO (read from stream)': 5761685, 'PACKET_IO (send_packets_out)': 1540482198, 'PACKET_IO (IP find next hop)': 606192966, 'CONN_MGMT (sport_packets_out)': 576745885, 'GENERAL (read_handler)': 468010241, 'GENERAL (process incoming packet)': 18979729, 'CONN_MGMT (process packet)': 5639864, 'CRYPTO (decrypt packet)': 6734150, 'CRYPTO (HP strip)': 5867851, 'CONN_MGMT (parse packet)': 19953040, 'CRYPTO (X25519)': 1348073, 'CONN_MGMT (build ack)': 19931765, 'CONN_MGMT (process incoming ack)': 1097422648, 'IO (read)': 1283243691, 'PACKET_IO (read one packet)': 9632405}}",0,0,9216269633,1443376,6610151,15421,0,0,1443376,9216269633,15421,6610151,6610146,0,0,15416,0,0,15416,0,0,6610146,0,0,48.830127911
/srv/quic-10g/results/perf/goracle/optimized/lsquic-quiche,goracle-gard,lsquic,quiche,none,10,1312.832800223382,"[70.0, 70.0, 70.0, 69.0, 69.0, 71.0, 69.0, 69.0, 69.0, 69.0, 70.0, 69.0, 70.0, 70.0, 68.0, 70.0, 68.0, 70.0, 69.0, 69.0, 69.0, 68.0, 69.0, 70.0, 69.0, 69.0, 69.0, 70.0, 69.0, 69.0, 70.0, 68.0, 69.0, 69.0, 69.0, 69.0, 70.0, 68.0, 69.0, 69.0, 69.0, 68.0, 70.0, 69.0, 68.0, 69.0, 69.0, 68.0, 69.0]",69.14285714285714,[],,"{'SUM_SAMPLES': 81930147319, 'SUM_SAMPLES_QUIC': 51809909756, 'OVERVIEW': {'GENERAL': 36862908147, 'CRYPTO': 12881347686, 'IO': 2062945532, 'PACKET_IO': 2708391}, 'DETAILED': {'GENERAL (UNMATCHED)': 36862908147, 'CRYPTO (AEAD)': 1794163741, 'CRYPTO (AES)': 11087183945, 'IO (file)': 1993279048, 'PACKET_IO (IP find next hop)': 2708391, 'IO (epoll)': 68336993, 'IO (write)': 1329491}}","{'SUM_SAMPLES': 82029434177, 'SUM_SAMPLES_QUIC': 71657531320, 'OVERVIEW': {'GENERAL': 5543746051, 'CRYPTO': 11175966871, 'IO': 1579533291, 'CONN_MGMT': 7079453086, 'PACKET_IO': 46278832021}, 'DETAILED': {'GENERAL (UNMATCHED)': 5057697492, 'CRYPTO (AEAD)': 5280347503, 'CRYPTO (RSA)': 6325196, 'IO (epoll)': 138639230, 'CONN_MGMT': 5431925012, 'PACKET_IO (write to stream)': 7152168830, 'PACKET_IO (sendmsg)': 37146009371, 'CRYPTO (AES)': 4666798645, 'CRYPTO (HP apply)': 658348154, 'PACKET_IO (read from stream)': 8487807, 'PACKET_IO (send_packets_out)': 1440739367, 'CRYPTO (encrypt packet)': 559035739, 'PACKET_IO (IP find next hop)': 479143118, 'GENERAL (read_handler)': 463289949, 'PACKET_IO (recvmsg)': 45841094, 'GENERAL (process incoming packet)': 22758610, 'CONN_MGMT (process packet)': 8682799, 'CRYPTO (decrypt packet)': 2608682, 'CRYPTO (HP strip)': 926128, 'CONN_MGMT (parse packet)': 18048705, 'CRYPTO (X25519)': 1576824, 'PACKET_IO (read one packet)': 6442434, 'CONN_MGMT (build ack)': 11249446, 'CONN_MGMT (process incoming ack)': 1027401442, 'IO (read)': 1439987967, 'CONN_MGMT (sport_packets_out)': 582145682, 'IO': 906094}}",0,0,9216269624,855385,6610149,8363,0,0,855049,9216269288,8361,6610147,6610142,0,0,8356,0,0,8356,0,0,6610142,0,0,52.344423861
/srv/quic-10g/results/perf/goracle/optimized/lsquic-quiche-with-pidstat,goracle-gard,lsquic,quiche,none,1,1296.2210536987993,"[69.0, 68.0, 68.0, 68.0, 69.0, 67.0, 68.0, 68.0, 68.0, 68.0, 67.0, 68.0, 67.0, 68.0, 69.0, 67.0, 68.0, 68.0, 67.0, 68.0, 69.0, 67.0, 69.0, 68.0, 68.0, 68.0, 67.0, 68.0, 68.0, 68.0, 67.0, 68.0, 68.0, 68.0, 68.0, 67.0, 68.0, 68.0, 67.0, 69.0, 68.0, 67.0, 69.0, 69.0, 67.0, 67.0, 68.0, 68.0, 67.0, 69.0]",67.9,"[68.0, 69.0, 68.0, 67.0, 69.0, 69.0, 68.0, 68.0, 68.0, 69.0, 68.0, 69.0, 69.0, 68.0, 69.0, 68.0, 69.0, 68.0, 68.0, 69.0, 69.0, 68.0, 69.0, 68.0, 68.0, 69.0, 69.0, 68.0, 69.0, 69.0, 68.0, 68.0, 68.0, 70.0, 68.0, 69.0, 68.0, 69.0, 68.0, 69.0, 68.0, 69.0, 69.0, 68.0, 68.0, 68.0, 70.0, 68.0]",68.47916666666667,"{'SUM_SAMPLES': 82626718381, 'SUM_SAMPLES_QUIC': 52625388556, 'OVERVIEW': {'GENERAL': 37372130836, 'CRYPTO': 13299719284, 'IO': 1950811235, 'PACKET_IO': 2727201}, 'DETAILED': {'GENERAL (UNMATCHED)': 37372130836, 'CRYPTO (AEAD)': 2025647159, 'CRYPTO (AES)': 11273421387, 'IO (write)': 2729697, 'IO (file)': 1880486860, 'IO (epoll)': 67594678, 'PACKET_IO (IP find next hop)': 2727201, 'CRYPTO (X25519)': 650738}}","{'SUM_SAMPLES': 83526186789, 'SUM_SAMPLES_QUIC': 71033268147, 'OVERVIEW': {'GENERAL': 7008409571, 'CRYPTO': 10818337989, 'IO': 657730047, 'CONN_MGMT': 7778705186, 'PACKET_IO': 44770085354}, 'DETAILED': {'GENERAL (UNMATCHED)': 6579697507, 'CRYPTO (AEAD)': 4829496539, 'IO (epoll)': 121397125, 'CRYPTO (RSA)': 6131406, 'CONN_MGMT': 6125035917, 'PACKET_IO (sendmsg)': 36582909367, 'CRYPTO (AES)': 4437772782, 'CRYPTO (HP apply)': 763987534, 'PACKET_IO (read from stream)': 4724880, 'PACKET_IO (send_packets_out)': 1428723149, 'CRYPTO (encrypt packet)': 772868660, 'PACKET_IO (IP find next hop)': 309371105, 'CONN_MGMT (sport_packets_out)': 510947643, 'GENERAL (read_handler)': 415572083, 'PACKET_IO (recvmsg)': 27510593, 'GENERAL (process incoming packet)': 13139981, 'CONN_MGMT (process packet)': 5820167, 'CRYPTO (decrypt packet)': 3943899, 'CRYPTO (HP strip)': 1888506, 'CONN_MGMT (parse packet)': 16996969, 'CRYPTO (X25519)': 2248663, 'CONN_MGMT (build ack)': 11351972, 'CONN_MGMT (process incoming ack)': 1108552518, 'PACKET_IO (write to stream)': 6411102327, 'IO (read)': 532592199, 'PACKET_IO (read one packet)': 5743933, 'IO': 3740723}}",0,0,9216269753,853971,6610153,8349,0,0,853971,9216269753,8349,6610153,6610146,0,0,8342,0,0,8342,0,0,6610146,0,0,53.015244572
/srv/quic-10g/results/perf/goracle/optimized/lsquic-quiche-with-pidstat,goracle-gard,lsquic,quiche,none,2,1303.535843923536,"[70.0, 69.0, 70.0, 69.0, 70.0, 69.0, 70.0, 69.0, 69.0, 70.0, 70.0, 69.0, 69.0, 70.0, 69.0, 70.0, 70.0, 68.0, 70.0, 70.0, 70.0, 70.0, 70.0, 69.0, 69.0, 70.0, 69.0, 70.0, 69.0, 70.0, 69.0, 69.0, 69.0, 71.0, 69.0, 70.0, 69.0, 69.0, 69.0, 70.0, 70.0, 69.0, 71.0, 69.0, 69.0, 70.0, 69.0, 70.0, 68.0]",69.48979591836735,"[66.0, 68.0, 67.0, 67.0, 68.0, 66.0, 68.0, 67.0, 67.0, 67.0, 68.0, 66.0, 68.0, 68.0, 66.34, 66.0, 68.0, 68.0, 67.0, 67.0, 67.0, 68.0, 67.0, 67.0, 68.0, 67.0, 67.0, 67.0, 67.0, 68.0, 68.0, 66.0, 68.0, 68.0, 67.0, 66.0, 68.0, 68.0, 67.0, 67.0, 67.0, 68.0, 68.0, 66.0, 68.0, 68.0, 66.0]",67.24127659574468,"{'SUM_SAMPLES': 81113325528, 'SUM_SAMPLES_QUIC': 51333270404, 'OVERVIEW': {'GENERAL': 36293091894, 'CRYPTO': 13073441697, 'IO': 1966736813}, 'DETAILED': {'GENERAL (UNMATCHED)': 36293091894, 'CRYPTO (AEAD)': 1930404429, 'CRYPTO (AES)': 11143037268, 'IO (write)': 3581384, 'IO (file)': 1890592160, 'IO (epoll)': 72563269}}","{'SUM_SAMPLES': 84170716033, 'SUM_SAMPLES_QUIC': 72073732630, 'OVERVIEW': {'GENERAL': 6090192358, 'CRYPTO': 11128379259, 'IO': 1254053957, 'CONN_MGMT': 7502445002, 'PACKET_IO': 46098662054}, 'DETAILED': {'GENERAL (UNMATCHED)': 5575536270, 'CRYPTO (AEAD)': 5362319903, 'CRYPTO (RSA)': 8438793, 'IO (epoll)': 162913676, 'CONN_MGMT': 5688523155, 'PACKET_IO (write to stream)': 6994005286, 'PACKET_IO (recvmsg)': 53214131, 'PACKET_IO (sendmsg)': 37027978551, 'CRYPTO (AES)': 4535587992, 'CRYPTO (HP apply)': 605062063, 'PACKET_IO (read from stream)': 4769447, 'PACKET_IO (send_packets_out)': 1500149869, 'CONN_MGMT (sport_packets_out)': 566468036, 'PACKET_IO (IP find next hop)': 510915922, 'CRYPTO (encrypt packet)': 607864507, 'GENERAL (read_handler)': 496048262, 'GENERAL (process incoming packet)': 18607826, 'CONN_MGMT (parse packet)': 16369670, 'PACKET_IO (read one packet)': 7628848, 'CONN_MGMT (process packet)': 8320636, 'CRYPTO (decrypt packet)': 6467400, 'CRYPTO (HP strip)': 924225, 'CRYPTO (X25519)': 1714376, 'CONN_MGMT (build ack)': 20096789, 'CONN_MGMT (process incoming ack)': 1202666716, 'IO (read)': 1090178128, 'IO': 962153}}",0,0,9216269851,856308,6610154,8378,0,0,856580,9216270123,8379,6610155,6610147,0,0,8371,0,0,8372,0,0,6610148,0,0,52.717749811
/srv/quic-10g/results/perf/goracle/optimized/lsquic-quiche-with-pidstat,goracle-gard,lsquic,quiche,none,3,1384.9806200193498,"[73.0, 74.0, 73.0, 75.0, 72.0, 73.0, 73.0, 72.0, 74.0, 71.0, 73.0, 73.0, 73.0, 72.0, 73.0, 73.0, 72.0, 73.0, 72.0, 73.0, 73.0, 73.0, 72.0, 73.0, 72.0, 74.0, 72.0, 73.0, 72.0, 73.0, 72.0, 73.0, 73.0, 72.0, 73.0, 72.0, 74.0, 72.0, 73.0, 74.0, 72.0, 73.0, 74.0, 73.0, 72.0, 73.0, 73.0]",72.80851063829788,"[72.0, 71.0, 72.0, 72.0, 72.0, 73.0, 73.0, 71.0, 73.0, 72.0, 73.0, 72.0, 72.0, 73.0, 72.0, 73.0, 72.0, 72.0, 72.0, 73.0, 72.0, 73.0, 73.0, 72.0, 73.0, 71.0, 73.0, 72.0, 73.0, 73.0, 71.0, 73.0, 73.0, 72.0, 72.0, 73.0, 72.0, 73.0, 73.0, 72.0, 72.0, 72.0, 73.0, 73.0]",72.36363636363636,"{'SUM_SAMPLES': 81322126934, 'SUM_SAMPLES_QUIC': 52195291623, 'OVERVIEW': {'GENERAL': 36945786943, 'CRYPTO': 13358259837, 'IO': 1889776345, 'PACKET_IO': 1468498}, 'DETAILED': {'GENERAL (UNMATCHED)': 36945786943, 'CRYPTO (AEAD)': 1980716084, 'CRYPTO (AES)': 11377543753, 'IO (file)': 1854016934, 'PACKET_IO (IP find next hop)': 1468498, 'IO (write)': 2943828, 'IO (epoll)': 32815583}}","{'SUM_SAMPLES': 81751784340, 'SUM_SAMPLES_QUIC': 71324953894, 'OVERVIEW': {'GENERAL': 5869520216, 'CRYPTO': 10989220141, 'IO': 1282996238, 'CONN_MGMT': 7345942599, 'PACKET_IO': 45837274700}, 'DETAILED': {'GENERAL (UNMATCHED)': 5408088939, 'CRYPTO (AEAD)': 5268549589, 'CRYPTO (RSA)': 6420082, 'IO (epoll)': 58980614, 'CONN_MGMT': 5682675878, 'PACKET_IO (write to stream)': 6828232038, 'PACKET_IO (sendmsg)': 36907570599, 'CRYPTO (AES)': 4487071568, 'CRYPTO (HP apply)': 658349230, 'PACKET_IO (read from stream)': 6116311, 'PACKET_IO (send_packets_out)': 1548229667, 'CRYPTO (encrypt packet)': 565956734, 'PACKET_IO (IP find next hop)': 516605682, 'CONN_MGMT (sport_packets_out)': 411730242, 'GENERAL (read_handler)': 454279452, 'PACKET_IO (recvmsg)': 24876599, 'GENERAL (process incoming packet)': 7151825, 'PACKET_IO (read one packet)': 5643804, 'CONN_MGMT (process packet)': 3974474, 'CRYPTO (decrypt packet)': 1024760, 'CONN_MGMT (parse packet)': 6079661, 'CRYPTO (X25519)': 1848178, 'CONN_MGMT (build ack)': 11993382, 'CONN_MGMT (process incoming ack)': 1229488962, 'IO (read)': 1224015624}}",0,0,9215835366,424931,6606043,4132,0,0,425203,9215835638,4133,6606044,6606037,0,0,4126,0,0,4126,0,0,6606037,0,0,49.617645314
/srv/quic-10g/results/perf/goracle/optimized/lsquic-quiche-with-pidstat,goracle-gard,lsquic,quiche,none,4,1246.9386621810406,"[69.0, 67.0, 69.0, 68.0, 67.0, 68.0, 67.0, 68.0, 67.0, 68.0, 67.0, 68.0, 68.0, 67.0, 68.0, 67.0, 67.0, 67.0, 69.0, 66.0, 68.0, 67.0, 68.0, 67.0, 68.0, 67.0, 68.0, 67.0, 68.0, 68.0, 67.0, 67.0, 68.0, 67.0, 68.0, 71.0, 73.0, 72.0, 74.0, 74.0, 73.0, 74.0, 72.0, 73.0, 74.0, 72.0, 72.0, 73.0, 74.0, 71.0, 73.0, 73.0]",69.28846153846153,"[68.0, 67.0, 68.0, 68.0, 68.0, 68.0, 69.0, 67.0, 69.0, 67.0, 69.0, 68.0, 68.0, 68.0, 69.0, 68.0, 68.0, 68.0, 69.0, 68.0, 68.0, 68.0, 68.0, 69.0, 67.0, 69.0, 68.0, 68.0, 68.0, 69.0, 69.0, 68.0, 67.0, 69.0, 68.0, 66.0, 61.0, 61.0, 60.0, 61.0, 61.0, 61.0, 60.0, 61.0, 61.0, 61.0, 61.0, 60.0, 62.0, 60.0]",66.04,"{'SUM_SAMPLES': 82608144701, 'SUM_SAMPLES_QUIC': 52557406809, 'OVERVIEW': {'GENERAL': 37071456026, 'CRYPTO': 13430308910, 'IO': 2054205744, 'PACKET_IO': 1436129}, 'DETAILED': {'GENERAL (UNMATCHED)': 37071456026, 'CRYPTO (AEAD)': 1990083443, 'CRYPTO (AES)': 11439586748, 'IO (file)': 1979556153, 'IO (write)': 1435174, 'IO (epoll)': 72715395, 'PACKET_IO (IP find next hop)': 1436129, 'IO (read)': 499022, 'CRYPTO (X25519)': 638719}}","{'SUM_SAMPLES': 80412142844, 'SUM_SAMPLES_QUIC': 67939207065, 'OVERVIEW': {'GENERAL': 6253490733, 'CRYPTO': 10844300585, 'IO': 1124415497, 'CONN_MGMT': 7504406643, 'PACKET_IO': 42212593607}, 'DETAILED': {'GENERAL (UNMATCHED)': 5819664001, 'CRYPTO (AEAD)': 5131079963, 'CRYPTO (RSA)': 6708004, 'IO (epoll)': 118658768, 'CONN_MGMT': 5858930637, 'PACKET_IO (write to stream)': 6752709342, 'PACKET_IO (sendmsg)': 33442513448, 'CRYPTO (AES)': 4361674282, 'CRYPTO (HP apply)': 690745437, 'PACKET_IO (read from stream)': 2146539, 'PACKET_IO (send_packets_out)': 1552097928, 'CRYPTO (encrypt packet)': 646292717, 'CONN_MGMT (sport_packets_out)': 528192732, 'PACKET_IO (IP find next hop)': 433385241, 'GENERAL (read_handler)': 416781763, 'PACKET_IO (recvmsg)': 24820842, 'GENERAL (process incoming packet)': 17044969, 'CONN_MGMT (process packet)': 5575505, 'CRYPTO (decrypt packet)': 3377460, 'CRYPTO (HP strip)': 2584879, 'CONN_MGMT (parse packet)': 20501331, 'CRYPTO (X25519)': 1837843, 'PACKET_IO (read one packet)': 4920267, 'CONN_MGMT (build ack)': 20230939, 'CONN_MGMT (process incoming ack)': 1070975499, 'IO (read)': 1005756729}}",0,0,9216259089,860208,6610025,8422,0,0,859936,9216258817,8421,6610024,6610020,0,0,8417,0,0,8415,0,0,6610018,0,0,55.110551196
/srv/quic-10g/results/perf/goracle/optimized/lsquic-quiche-with-pidstat,goracle-gard,lsquic,quiche,none,5,1283.0544564235486,"[68.0, 69.0, 69.0, 68.0, 69.0, 68.0, 67.0, 68.0, 68.0, 68.0, 68.0, 67.0, 68.0, 68.0, 68.0, 68.0, 68.0, 68.0, 68.0, 68.0, 68.0, 68.0, 67.0, 68.0, 67.0, 68.0, 68.0, 68.0, 68.0, 68.0, 68.0, 68.0, 68.0, 67.0, 68.0, 68.0, 68.0, 68.0, 68.0, 69.0, 67.0, 69.0, 68.0, 68.0, 69.0, 67.0, 68.0, 67.0, 68.0, 68.0, 69.0]",67.98039215686275,"[67.0, 68.0, 68.0, 68.0, 68.0, 68.0, 68.0, 69.0, 68.0, 69.0, 68.0, 68.0, 69.0, 67.0, 69.0, 68.0, 67.0, 69.0, 68.0, 69.0, 68.0, 68.0, 69.0, 68.0, 68.0, 69.31, 67.0, 69.0, 68.0, 69.0, 68.0, 68.0, 69.0, 67.0, 69.0, 69.0, 68.0, 68.0, 68.0, 69.0, 69.0, 68.0, 68.0, 69.0, 68.0, 69.0, 67.0, 69.0, 68.0]",68.25122448979592,"{'SUM_SAMPLES': 83074211111, 'SUM_SAMPLES_QUIC': 52992710159, 'OVERVIEW': {'GENERAL': 37646724442, 'CRYPTO': 13380666789, 'IO': 1963203707, 'PACKET_IO': 2115221}, 'DETAILED': {'GENERAL (UNMATCHED)': 37646724442, 'CRYPTO (AEAD)': 2011794461, 'CRYPTO (AES)': 11368872328, 'IO (file)': 1886284077, 'IO (write)': 2136661, 'PACKET_IO (IP find next hop)': 2115221, 'IO (epoll)': 74782969}}","{'SUM_SAMPLES': 87373094385, 'SUM_SAMPLES_QUIC': 71788094073, 'OVERVIEW': {'GENERAL': 5682995387, 'CRYPTO': 11153331217, 'IO': 1498386831, 'CONN_MGMT': 7097729396, 'PACKET_IO': 46355651242}, 'DETAILED': {'GENERAL (UNMATCHED)': 5139249195, 'CRYPTO (AEAD)': 5338888750, 'CRYPTO (RSA)': 6478753, 'IO (epoll)': 163142273, 'CONN_MGMT': 5423111580, 'PACKET_IO (write to stream)': 7130815243, 'PACKET_IO (recvmsg)': 53206821, 'PACKET_IO (sendmsg)': 37184522213, 'CRYPTO (AES)': 4592422356, 'CRYPTO (HP apply)': 571553364, 'PACKET_IO (read from stream)': 3531775, 'PACKET_IO (send_packets_out)': 1537700954, 'CRYPTO (encrypt packet)': 636397895, 'PACKET_IO (IP find next hop)': 437466496, 'CONN_MGMT (sport_packets_out)': 476007923, 'GENERAL (read_handler)': 527671001, 'GENERAL (process incoming packet)': 16075191, 'CONN_MGMT (parse packet)': 14865102, 'CONN_MGMT (process packet)': 1897764, 'CRYPTO (decrypt packet)': 4640195, 'CRYPTO (HP strip)': 975517, 'CRYPTO (X25519)': 1974387, 'PACKET_IO (read one packet)': 8407740, 'CONN_MGMT (build ack)': 21709757, 'CONN_MGMT (process incoming ack)': 1160137270, 'IO (read)': 1334345186, 'IO': 899372}}",0,0,9216260279,854819,6610039,8356,0,0,854547,9216260007,8355,6610038,6610032,0,0,8349,0,0,8349,0,0,6610032,0,0,53.559282609
/srv/quic-10g/results/perf/goracle/optimized/lsquic-quiche-with-pidstat,goracle-gard,lsquic,quiche,none,6,1295.140923619293,"[68.0, 68.0, 69.0, 67.0, 68.0, 67.0, 69.0, 67.0, 68.0, 66.0, 68.0, 67.0, 66.0, 67.0, 67.0, 68.0, 67.0, 67.0, 68.0, 66.0, 67.0, 68.0, 66.0, 68.0, 67.0, 67.0, 68.0, 66.0, 67.0, 68.0, 66.0, 68.0, 66.0, 67.0, 68.0, 68.0, 66.0, 68.0, 68.0, 67.0, 67.0, 68.0, 67.0, 67.0, 66.0, 67.0, 67.0, 68.0, 67.0, 66.0]",67.24,"[67.0, 68.0, 67.0, 68.0, 68.0, 68.0, 68.0, 67.0, 69.0, 67.0, 69.0, 68.0, 68.0, 68.0, 69.0, 68.0, 68.0, 68.0, 68.0, 69.0, 68.0, 68.0, 68.0, 68.0, 68.0, 68.0, 69.0, 68.0, 68.0, 68.0, 68.0, 68.0, 68.0, 69.0, 68.0, 68.0, 68.0, 69.0, 68.0, 68.0, 68.0, 68.0, 69.0, 68.0, 68.0, 68.0, 69.0, 67.0]",68.08333333333333,"{'SUM_SAMPLES': 82662694945, 'SUM_SAMPLES_QUIC': 52338375995, 'OVERVIEW': {'GENERAL': 36974493552, 'CRYPTO': 13270240240, 'IO': 2093642203}, 'DETAILED': {'GENERAL (UNMATCHED)': 36974493552, 'CRYPTO (AEAD)': 2017928729, 'CRYPTO (AES)': 11251721443, 'IO (write)': 2724749, 'IO (file)': 2025426913, 'IO (epoll)': 65490541, 'CRYPTO (X25519)': 590068}}","{'SUM_SAMPLES': 82957481120, 'SUM_SAMPLES_QUIC': 70252864593, 'OVERVIEW': {'GENERAL': 5735940713, 'CRYPTO': 11098326663, 'IO': 1307473693, 'CONN_MGMT': 7619184683, 'PACKET_IO': 44491938841}, 'DETAILED': {'GENERAL (UNMATCHED)': 5238376240, 'CRYPTO (AEAD)': 5265473724, 'CRYPTO (RSA)': 6452088, 'IO (epoll)': 100059575, 'IO': 1851643, 'CONN_MGMT': 5907126208, 'PACKET_IO (write to stream)': 6888836179, 'PACKET_IO (sendmsg)': 35352810080, 'CRYPTO (AES)': 4661768782, 'CRYPTO (HP apply)': 618980836, 'PACKET_IO (read from stream)': 1848117, 'CRYPTO (encrypt packet)': 533484527, 'PACKET_IO (send_packets_out)': 1560965397, 'CONN_MGMT (sport_packets_out)': 508877447, 'PACKET_IO (IP find next hop)': 641893633, 'GENERAL (read_handler)': 479360736, 'PACKET_IO (recvmsg)': 40134817, 'GENERAL (process incoming packet)': 18203737, 'CONN_MGMT (process packet)': 7689696, 'CRYPTO (decrypt packet)': 7420204, 'CRYPTO (HP strip)': 2783497, 'CONN_MGMT (parse packet)': 5551493, 'CRYPTO (X25519)': 1963005, 'CONN_MGMT (build ack)': 15894348, 'CONN_MGMT (process incoming ack)': 1174045491, 'IO (read)': 1205562475, 'PACKET_IO (read one packet)': 5450618}}",0,0,9216265460,851778,6610100,8319,0,0,851506,9216265188,8318,6610099,6610096,0,0,8312,0,0,8315,0,0,6610093,0,0,53.059458973
/srv/quic-10g/results/perf/goracle/optimized/lsquic-quiche-with-pidstat,goracle-gard,lsquic,quiche,none,7,1388.553951409698,"[74.0, 73.0, 74.0, 73.0, 73.0, 73.0, 73.0, 73.0, 72.0, 73.0, 73.0, 73.0, 72.0, 73.0, 72.0, 72.0, 72.0, 74.0, 72.0, 72.0, 73.0, 73.0, 72.0, 73.0, 73.0, 73.0, 72.0, 73.0, 72.0, 72.0, 73.0, 72.0, 73.0, 72.0, 74.0, 73.0, 72.0, 73.0, 74.0, 72.0, 72.0, 74.0, 73.0, 72.0, 72.0, 73.0]",72.73913043478261,"[72.0, 71.0, 72.0, 72.0, 71.0, 73.0, 72.0, 72.0, 72.0, 71.0, 73.0, 72.0, 72.0, 72.0, 72.0, 72.0, 73.0, 72.0, 72.0, 72.0, 72.0, 73.0, 72.0, 72.0, 72.0, 73.0, 72.0, 72.0, 72.0, 72.0, 72.0, 73.0, 72.0, 72.0, 72.0, 72.0, 72.0, 73.0, 72.0, 72.0, 72.0, 73.0, 72.0, 73.0]",72.13636363636364,"{'SUM_SAMPLES': 81217603095, 'SUM_SAMPLES_QUIC': 51955413993, 'OVERVIEW': {'GENERAL': 36828222208, 'CRYPTO': 13168984645, 'IO': 1957477351, 'PACKET_IO': 729789}, 'DETAILED': {'GENERAL (UNMATCHED)': 36828222208, 'CRYPTO (AEAD)': 1931732176, 'CRYPTO (AES)': 11236599401, 'IO (file)': 1929652663, 'PACKET_IO (IP find next hop)': 729789, 'IO (epoll)': 27824688, 'CRYPTO (X25519)': 653068}}","{'SUM_SAMPLES': 78894351559, 'SUM_SAMPLES_QUIC': 70973139767, 'OVERVIEW': {'GENERAL': 5441876123, 'CRYPTO': 11129800386, 'PACKET_IO': 45701651805, 'IO': 1407940275, 'CONN_MGMT': 7291871178}, 'DETAILED': {'GENERAL (UNMATCHED)': 4979984689, 'CRYPTO (AEAD)': 5348660566, 'PACKET_IO (sendmsg)': 36599273282, 'CRYPTO (RSA)': 6774268, 'IO (epoll)': 52041752, 'CONN_MGMT': 5452805912, 'PACKET_IO (write to stream)': 6952082714, 'PACKET_IO (recvmsg)': 17899214, 'CRYPTO (AES)': 4474404066, 'CRYPTO (HP apply)': 615670436, 'PACKET_IO (read from stream)': 4107763, 'PACKET_IO (send_packets_out)': 1572749511, 'CRYPTO (encrypt packet)': 676439440, 'CONN_MGMT (sport_packets_out)': 572733388, 'GENERAL (read_handler)': 448717203, 'GENERAL (process incoming packet)': 13174231, 'CONN_MGMT (parse packet)': 5652677, 'CONN_MGMT (process packet)': 3046864, 'CRYPTO (decrypt packet)': 2919635, 'CRYPTO (HP strip)': 3058088, 'CRYPTO (X25519)': 1873887, 'CONN_MGMT (build ack)': 15009043, 'CONN_MGMT (process incoming ack)': 1242623294, 'IO (read)': 1355898523, 'PACKET_IO (IP find next hop)': 554515423, 'PACKET_IO (read one packet)': 1023898}}",0,0,9215835370,424952,6606043,4132,0,0,424952,9215835370,4132,6606043,6606038,0,0,4127,0,0,4127,0,0,6606038,0,0,49.489957462
/srv/quic-10g/results/perf/goracle/optimized/lsquic-quiche-with-pidstat,goracle-gard,lsquic,quiche,none,8,1368.5313719585668,"[72.0, 73.0, 72.0, 72.0, 71.0, 72.0, 71.0, 73.0, 71.0, 72.0, 71.0, 73.0, 72.0, 72.0, 71.0, 73.0, 71.0, 72.0, 72.0, 72.0, 72.0, 72.0, 72.0, 71.0, 73.0, 72.0, 71.0, 73.0, 71.0, 72.0, 72.0, 72.0, 72.0, 72.0, 71.0, 73.0, 72.0, 72.0, 71.29, 73.0, 72.0, 72.0, 72.0, 72.0, 72.0, 73.0, 70.0]",71.92106382978723,"[72.0, 72.0, 72.0, 72.0, 73.0, 72.0, 73.0, 72.0, 73.0, 72.0, 73.0, 72.0, 72.0, 72.0, 74.0, 72.0, 73.0, 72.0, 72.0, 73.0, 72.0, 73.0, 72.0, 72.0, 74.0, 72.0, 73.0, 72.0, 73.0, 72.0, 73.0, 72.0, 73.0, 72.0, 73.0, 72.0, 73.0, 73.0, 73.0, 72.0, 72.0, 73.0, 72.0, 73.0, 72.0]",72.46666666666667,"{'SUM_SAMPLES': 82203606465, 'SUM_SAMPLES_QUIC': 52898874257, 'OVERVIEW': {'GENERAL': 37590122392, 'CRYPTO': 13398038155, 'IO': 1909251309, 'PACKET_IO': 1462401}, 'DETAILED': {'GENERAL (UNMATCHED)': 37590122392, 'CRYPTO (AEAD)': 2054659006, 'CRYPTO (AES)': 11343379149, 'IO (write)': 2161797, 'IO (file)': 1880036205, 'IO (epoll)': 27053307, 'PACKET_IO (IP find next hop)': 1462401}}","{'SUM_SAMPLES': 82693311670, 'SUM_SAMPLES_QUIC': 71342592038, 'OVERVIEW': {'GENERAL': 5540073178, 'CRYPTO': 10991105570, 'IO': 1268033048, 'CONN_MGMT': 7459401979, 'PACKET_IO': 46083978263}, 'DETAILED': {'GENERAL (UNMATCHED)': 5097600678, 'CRYPTO (AEAD)': 5322243749, 'CRYPTO (RSA)': 6577934, 'IO (epoll)': 58464613, 'CONN_MGMT': 5613052617, 'PACKET_IO (write to stream)': 7009251042, 'PACKET_IO (recvmsg)': 26035109, 'PACKET_IO (sendmsg)': 36967352558, 'CRYPTO (AES)': 4435015102, 'CRYPTO (HP apply)': 597126912, 'PACKET_IO (read from stream)': 3985565, 'PACKET_IO (send_packets_out)': 1578757234, 'CONN_MGMT (sport_packets_out)': 559457248, 'GENERAL (read_handler)': 436511183, 'PACKET_IO (read one packet)': 3901981, 'GENERAL (process incoming packet)': 5961317, 'CONN_MGMT (process packet)': 1026377, 'CRYPTO (decrypt packet)': 3935276, 'CONN_MGMT (parse packet)': 8521529, 'CRYPTO (X25519)': 1477235, 'CONN_MGMT (build ack)': 5031380, 'CONN_MGMT (process incoming ack)': 1272312828, 'IO (read)': 1209568435, 'CRYPTO (encrypt packet)': 624729362, 'PACKET_IO (IP find next hop)': 494694774}}",0,0,9215835940,426025,6606049,4145,0,0,426297,9215836212,4146,6606050,6606043,0,0,4139,0,0,4139,0,0,6606043,0,0,50.214030795
/srv/quic-10g/results/perf/goracle/optimized/lsquic-quiche-with-pidstat,goracle-gard,lsquic,quiche,none,9,1860.83916838486,"[61.0, 62.0, 62.0, 61.0, 62.0, 60.0, 61.0, 62.0, 62.0, 60.0, 61.0, 62.0, 60.0, 61.0, 61.0, 61.0, 60.0, 61.0, 61.0, 62.0, 60.0, 61.0, 62.0, 60.0, 62.0, 60.0, 61.0, 62.0, 61.0, 63.0, 100.0, 99.0, 100.0, 100.0]",65.70588235294117,"[76.0, 75.0, 76.0, 75.25, 77.0, 76.0, 77.0, 75.0, 76.0, 76.0, 78.0, 76.0, 75.0, 76.0, 77.0, 76.0, 77.0, 76.0, 76.0, 76.0, 77.0, 75.0, 77.0, 76.0, 76.0, 77.0, 76.0, 76.0, 76.0, 74.0, 65.0, 65.0]",75.3828125,"{'SUM_SAMPLES': 68725455139, 'SUM_SAMPLES_QUIC': 46184021629, 'OVERVIEW': {'GENERAL': 30494127752, 'CRYPTO': 13630523197, 'IO': 2059370680}, 'DETAILED': {'GENERAL (UNMATCHED)': 30494127752, 'CRYPTO (AEAD)': 2468914565, 'CRYPTO (AES)': 11161608632, 'IO (write)': 2206144, 'IO (file)': 2008888680, 'IO (epoll)': 48275856}}","{'SUM_SAMPLES': 83146572430, 'SUM_SAMPLES_QUIC': 78830628810, 'OVERVIEW': {'GENERAL': 4728522801, 'CRYPTO': 11522585377, 'IO': 1362736588, 'CONN_MGMT': 6638080703, 'PACKET_IO': 54578703341}, 'DETAILED': {'GENERAL (UNMATCHED)': 4399275877, 'CRYPTO (AEAD)': 4747470329, 'IO': 491974, 'CRYPTO (RSA)': 6691293, 'IO (epoll)': 45208391, 'CONN_MGMT': 5601434355, 'PACKET_IO (write to stream)': 7421641335, 'PACKET_IO (sendmsg)': 45068529945, 'CRYPTO (AES)': 5188260946, 'CRYPTO (HP apply)': 542983949, 'PACKET_IO (send_packets_out)': 1667236093, 'PACKET_IO (IP find next hop)': 376380791, 'GENERAL (read_handler)': 319022905, 'PACKET_IO (recvmsg)': 38344390, 'GENERAL (process incoming packet)': 10224019, 'CRYPTO (decrypt packet)': 1772721, 'CRYPTO (HP strip)': 3429905, 'CONN_MGMT (parse packet)': 9010529, 'CRYPTO (X25519)': 1505943, 'CONN_MGMT (build ack)': 3273051, 'CONN_MGMT (process incoming ack)': 470190750, 'PACKET_IO (read from stream)': 3263950, 'IO (read)': 1317036223, 'CRYPTO (encrypt packet)': 1030470291, 'CONN_MGMT (sport_packets_out)': 554172018, 'PACKET_IO (read one packet)': 3306837}}",0,0,9215788927,1182861,6605487,13335,0,0,1182861,9215788927,13335,6605487,6605482,0,0,13330,0,0,13330,0,0,6605482,0,0,36.929294056
/srv/quic-10g/results/perf/goracle/optimized/lsquic-quiche-with-pidstat,goracle-gard,lsquic,quiche,none,10,1375.858483788802,"[73.0, 73.0, 72.0, 72.0, 72.0, 71.0, 72.0, 71.0, 72.0, 72.0, 71.0, 72.0, 73.0, 71.0, 72.0, 71.0, 72.0, 72.0, 71.0, 72.0, 72.0, 71.0, 72.0, 72.0, 71.0, 71.0, 73.0, 71.0, 72.0, 72.0, 70.0, 73.0, 71.0, 71.0, 73.0, 71.0, 72.0, 71.0, 72.0, 72.0, 72.0, 72.0, 71.0, 72.0, 73.0, 73.0]",71.80434782608695,"[71.0, 73.0, 72.0, 72.0, 72.0, 72.0, 72.0, 72.0, 73.0, 73.0, 72.0, 72.0, 72.0, 73.0, 73.0, 71.0, 73.0, 72.0, 73.0, 72.0, 72.0, 71.29, 73.0, 73.0, 72.0, 73.0, 72.0, 72.0, 73.0, 73.0, 72.0, 72.0, 73.0, 72.0, 72.0, 72.0, 73.0, 72.0, 73.0, 73.0, 72.0, 72.0, 72.0, 73.0, 72.0]",72.31755555555556,"{'SUM_SAMPLES': 81936381260, 'SUM_SAMPLES_QUIC': 52377477885, 'OVERVIEW': {'GENERAL': 37167572961, 'CRYPTO': 13280690619, 'IO': 1928479764, 'PACKET_IO': 734541}, 'DETAILED': {'GENERAL (UNMATCHED)': 37167572961, 'CRYPTO (AEAD)': 1997877958, 'CRYPTO (AES)': 11282812661, 'IO (file)': 1887694605, 'PACKET_IO (IP find next hop)': 734541, 'IO (write)': 732028, 'IO (epoll)': 40053131}}","{'SUM_SAMPLES': 82619852473, 'SUM_SAMPLES_QUIC': 70644331568, 'OVERVIEW': {'GENERAL': 5521184669, 'CRYPTO': 11087602280, 'IO': 1137691877, 'CONN_MGMT': 7472672476, 'PACKET_IO': 45425180266}, 'DETAILED': {'GENERAL (UNMATCHED)': 5070068737, 'CRYPTO (AEAD)': 5338332873, 'CRYPTO (RSA)': 6136121, 'IO (epoll)': 41119470, 'CONN_MGMT': 5781690129, 'PACKET_IO (write to stream)': 6917523354, 'PACKET_IO (sendmsg)': 36439224343, 'CRYPTO (AES)': 4550247100, 'CRYPTO (HP apply)': 585023828, 'PACKET_IO (read from stream)': 3021190, 'PACKET_IO (send_packets_out)': 1502721954, 'CRYPTO (encrypt packet)': 602164520, 'CONN_MGMT (sport_packets_out)': 506435848, 'PACKET_IO (recvmsg)': 23082696, 'GENERAL (read_handler)': 444936754, 'GENERAL (process incoming packet)': 6179178, 'CRYPTO (decrypt packet)': 3059356, 'CRYPTO (HP strip)': 962485, 'CONN_MGMT (parse packet)': 8167716, 'CONN_MGMT (process packet)': 1023947, 'CRYPTO (X25519)': 1675997, 'PACKET_IO (read one packet)': 3069876, 'CONN_MGMT (build ack)': 9871672, 'CONN_MGMT (process incoming ack)': 1165483164, 'IO (read)': 1096572407, 'PACKET_IO (IP find next hop)': 536536853}}",0,0,9215835452,425474,6606044,4139,0,0,425746,9215835724,4140,6606045,6606038,0,0,4133,0,0,4134,0,0,6606039,0,0,49.946617277
